method,config_id,validation_rows,validation_accuracy,validation_precision,validation_recall,validation_f1,validation_specificity,validation_balanced_accuracy,validation_source_macro_f1,decision_threshold,training_runtime_seconds,parameters
minilm_logistic_regression,minilm_full256_raw_cwnone_c0.01,1779,0.9224283305227656,0.9382284382284383,0.9044943820224719,0.9210526315789475,0.9403824521934758,0.9224384171079738,0.8740087436365634,0.5138436941944663,0.2507359169976553,"{""C"": 0.01, ""class_weight"": ""none"", ""normalized"": false, ""representation"": ""full256"", ""threshold"": 0.5138436941944663}"
minilm_logistic_regression,minilm_full256_raw_cwnone_c0.1,1779,0.9398538504777965,0.9536500579374276,0.9247191011235955,0.9389617798060468,0.9550056242969629,0.9398623627102791,0.8989567658428841,0.5637096768677469,0.3257069160026731,"{""C"": 0.1, ""class_weight"": ""none"", ""normalized"": false, ""representation"": ""full256"", ""threshold"": 0.5637096768677469}"
minilm_logistic_regression,minilm_full256_raw_cwnone_c1,1779,0.9471613265879708,0.9638694638694638,0.9292134831460674,0.9462242562929062,0.9651293588301463,0.9471714209881068,0.906191679234429,0.6139041989942102,0.30596145799790975,"{""C"": 1.0, ""class_weight"": ""none"", ""normalized"": false, ""representation"": ""full256"", ""threshold"": 0.6139041989942102}"
minilm_logistic_regression,minilm_full256_raw_cwnone_c10,1779,0.9550309162450815,0.9550561797752809,0.9550561797752809,0.9550561797752809,0.9550056242969629,0.9550309020361218,0.906696621455145,0.5021356762849319,0.3626484169944888,"{""C"": 10.0, ""class_weight"": ""none"", ""normalized"": false, ""representation"": ""full256"", ""threshold"": 0.5021356762849319}"
minilm_logistic_regression,minilm_full256_raw_cwbalanced_c0.01,1779,0.9224283305227656,0.9382284382284383,0.9044943820224719,0.9210526315789475,0.9403824521934758,0.9224384171079738,0.8740087436365634,0.5138436941944663,0.26207241699739825,"{""C"": 0.01, ""class_weight"": ""balanced"", ""normalized"": false, ""representation"": ""full256"", ""threshold"": 0.5138436941944663}"
minilm_logistic_regression,minilm_full256_raw_cwbalanced_c0.1,1779,0.9398538504777965,0.9536500579374276,0.9247191011235955,0.9389617798060468,0.9550056242969629,0.9398623627102791,0.8989567658428841,0.5637096768677469,0.34651870900415815,"{""C"": 0.1, ""class_weight"": ""balanced"", ""normalized"": false, ""representation"": ""full256"", ""threshold"": 0.5637096768677469}"
minilm_logistic_regression,minilm_full256_raw_cwbalanced_c1,1779,0.9471613265879708,0.9638694638694638,0.9292134831460674,0.9462242562929062,0.9651293588301463,0.9471714209881068,0.906191679234429,0.6139041989942102,0.34116966700094054,"{""C"": 1.0, ""class_weight"": ""balanced"", ""normalized"": false, ""representation"": ""full256"", ""threshold"": 0.6139041989942102}"
minilm_logistic_regression,minilm_full256_raw_cwbalanced_c10,1779,0.9550309162450815,0.9550561797752809,0.9550561797752809,0.9550561797752809,0.9550056242969629,0.9550309020361218,0.906696621455145,0.5021356762849319,0.3586272500033374,"{""C"": 10.0, ""class_weight"": ""balanced"", ""normalized"": false, ""representation"": ""full256"", ""threshold"": 0.5021356762849319}"
minilm_logistic_regression,minilm_full256_norm_cwnone_c0.01,1779,0.9224283305227656,0.9382284382284383,0.9044943820224719,0.9210526315789475,0.9403824521934758,0.9224384171079738,0.8740087436365634,0.5138436642800767,0.2517592500007595,"{""C"": 0.01, ""class_weight"": ""none"", ""normalized"": true, ""representation"": ""full256"", ""threshold"": 0.5138436642800767}"
minilm_logistic_regression,minilm_full256_norm_cwnone_c0.1,1779,0.9398538504777965,0.9536500579374276,0.9247191011235955,0.9389617798060468,0.9550056242969629,0.9398623627102791,0.8989567658428841,0.5637096867662733,0.3295092919943272,"{""C"": 0.1, ""class_weight"": ""none"", ""normalized"": true, ""representation"": ""full256"", ""threshold"": 0.5637096867662733}"
minilm_logistic_regression,minilm_full256_norm_cwnone_c1,1779,0.9471613265879708,0.9638694638694638,0.9292134831460674,0.9462242562929062,0.9651293588301463,0.9471714209881068,0.906191679234429,0.613904236346002,0.3133282920025522,"{""C"": 1.0, ""class_weight"": ""none"", ""normalized"": true, ""representation"": ""full256"", ""threshold"": 0.613904236346002}"
minilm_logistic_regression,minilm_full256_norm_cwnone_c10,1779,0.9550309162450815,0.9550561797752809,0.9550561797752809,0.9550561797752809,0.9550056242969629,0.9550309020361218,0.906696621455145,0.5021356659624263,0.3545066250007949,"{""C"": 10.0, ""class_weight"": ""none"", ""normalized"": true, ""representation"": ""full256"", ""threshold"": 0.5021356659624263}"
minilm_logistic_regression,minilm_full256_norm_cwbalanced_c0.01,1779,0.9224283305227656,0.9382284382284383,0.9044943820224719,0.9210526315789475,0.9403824521934758,0.9224384171079738,0.8740087436365634,0.5138436642800767,0.2642712080050842,"{""C"": 0.01, ""class_weight"": ""balanced"", ""normalized"": true, ""representation"": ""full256"", ""threshold"": 0.5138436642800767}"
minilm_logistic_regression,minilm_full256_norm_cwbalanced_c0.1,1779,0.9398538504777965,0.9536500579374276,0.9247191011235955,0.9389617798060468,0.9550056242969629,0.9398623627102791,0.8989567658428841,0.5637096867662733,0.3478909169934923,"{""C"": 0.1, ""class_weight"": ""balanced"", ""normalized"": true, ""representation"": ""full256"", ""threshold"": 0.5637096867662733}"
minilm_logistic_regression,minilm_full256_norm_cwbalanced_c1,1779,0.9471613265879708,0.9638694638694638,0.9292134831460674,0.9462242562929062,0.9651293588301463,0.9471714209881068,0.906191679234429,0.613904236346002,0.3528321669946308,"{""C"": 1.0, ""class_weight"": ""balanced"", ""normalized"": true, ""representation"": ""full256"", ""threshold"": 0.613904236346002}"
minilm_logistic_regression,minilm_full256_norm_cwbalanced_c10,1779,0.9550309162450815,0.9550561797752809,0.9550561797752809,0.9550561797752809,0.9550056242969629,0.9550309020361218,0.906696621455145,0.5021356659624263,0.37054516700300155,"{""C"": 10.0, ""class_weight"": ""balanced"", ""normalized"": true, ""representation"": ""full256"", ""threshold"": 0.5021356659624263}"
minilm_logistic_regression,minilm_full512_raw_cwnone_c0.01,1779,0.9190556492411467,0.9347319347319347,0.9011235955056179,0.9176201372997712,0.937007874015748,0.919065734760683,0.8651906140703499,0.5227327385123229,0.28031704100430943,"{""C"": 0.01, ""class_weight"": ""none"", ""normalized"": false, ""representation"": ""full512"", ""threshold"": 0.5227327385123229}"
minilm_logistic_regression,minilm_full512_raw_cwnone_c0.1,1779,0.9421023046655425,0.9634864546525324,0.9191011235955057,0.9407705577918345,0.9651293588301463,0.942115241212826,0.8980262897546005,0.6175905809984744,0.30510441699880175,"{""C"": 0.1, ""class_weight"": ""none"", ""normalized"": false, ""representation"": ""full512"", ""threshold"": 0.6175905809984744}"
minilm_logistic_regression,minilm_full512_raw_cwnone_c1,1779,0.955593029792018,0.9490586932447398,0.9629213483146067,0.9559397657557167,0.9482564679415073,0.9555889081280571,0.8973262242793851,0.4610641418560118,0.4481337920005899,"{""C"": 1.0, ""class_weight"": ""none"", ""normalized"": false, ""representation"": ""full512"", ""threshold"": 0.4610641418560118}"
minilm_logistic_regression,minilm_full512_raw_cwnone_c10,1779,0.9584035975267003,0.9584269662921349,0.9584269662921349,0.9584269662921349,0.9583802024746907,0.9584035843834128,0.9004348513127691,0.5120688671050513,0.43632508299924666,"{""C"": 10.0, ""class_weight"": ""none"", ""normalized"": false, ""representation"": ""full512"", ""threshold"": 0.5120688671050513}"
minilm_logistic_regression,minilm_full512_raw_cwbalanced_c0.01,1779,0.9190556492411467,0.9347319347319347,0.9011235955056179,0.9176201372997712,0.937007874015748,0.919065734760683,0.8651906140703499,0.5227327385123229,0.2680391670000972,"{""C"": 0.01, ""class_weight"": ""balanced"", ""normalized"": false, ""representation"": ""full512"", ""threshold"": 0.5227327385123229}"
minilm_logistic_regression,minilm_full512_raw_cwbalanced_c0.1,1779,0.9421023046655425,0.9634864546525324,0.9191011235955057,0.9407705577918345,0.9651293588301463,0.942115241212826,0.8980262897546005,0.6175905809984744,0.32080362499982584,"{""C"": 0.1, ""class_weight"": ""balanced"", ""normalized"": false, ""representation"": ""full512"", ""threshold"": 0.6175905809984744}"
minilm_logistic_regression,minilm_full512_raw_cwbalanced_c1,1779,0.955593029792018,0.9490586932447398,0.9629213483146067,0.9559397657557167,0.9482564679415073,0.9555889081280571,0.8973262242793851,0.4610641418560118,0.45338208300381666,"{""C"": 1.0, ""class_weight"": ""balanced"", ""normalized"": false, ""representation"": ""full512"", ""threshold"": 0.4610641418560118}"
minilm_logistic_regression,minilm_full512_raw_cwbalanced_c10,1779,0.9584035975267003,0.9584269662921349,0.9584269662921349,0.9584269662921349,0.9583802024746907,0.9584035843834128,0.9004348513127691,0.5120688671050513,0.4453122089980752,"{""C"": 10.0, ""class_weight"": ""balanced"", ""normalized"": false, ""representation"": ""full512"", ""threshold"": 0.5120688671050513}"
minilm_logistic_regression,minilm_full512_norm_cwnone_c0.01,1779,0.9190556492411467,0.9347319347319347,0.9011235955056179,0.9176201372997712,0.937007874015748,0.919065734760683,0.8651906140703499,0.5227327366983118,0.2697093329989002,"{""C"": 0.01, ""class_weight"": ""none"", ""normalized"": true, ""representation"": ""full512"", ""threshold"": 0.5227327366983118}"
minilm_logistic_regression,minilm_full512_norm_cwnone_c0.1,1779,0.9421023046655425,0.9634864546525324,0.9191011235955057,0.9407705577918345,0.9651293588301463,0.942115241212826,0.8980262897546005,0.6175905758978987,0.33243895900523057,"{""C"": 0.1, ""class_weight"": ""none"", ""normalized"": true, ""representation"": ""full512"", ""threshold"": 0.6175905758978987}"
minilm_logistic_regression,minilm_full512_norm_cwnone_c1,1779,0.955593029792018,0.9490586932447398,0.9629213483146067,0.9559397657557167,0.9482564679415073,0.9555889081280571,0.8973262242793851,0.4610647111853801,0.4733662500002538,"{""C"": 1.0, ""class_weight"": ""none"", ""normalized"": true, ""representation"": ""full512"", ""threshold"": 0.4610647111853801}"
minilm_logistic_regression,minilm_full512_norm_cwnone_c10,1779,0.9584035975267003,0.9584269662921349,0.9584269662921349,0.9584269662921349,0.9583802024746907,0.9584035843834128,0.9004348513127691,0.5120703280664782,0.45993333400110714,"{""C"": 10.0, ""class_weight"": ""none"", ""normalized"": true, ""representation"": ""full512"", ""threshold"": 0.5120703280664782}"
minilm_logistic_regression,minilm_full512_norm_cwbalanced_c0.01,1779,0.9190556492411467,0.9347319347319347,0.9011235955056179,0.9176201372997712,0.937007874015748,0.919065734760683,0.8651906140703499,0.5227327366983118,0.24969966700155055,"{""C"": 0.01, ""class_weight"": ""balanced"", ""normalized"": true, ""representation"": ""full512"", ""threshold"": 0.5227327366983118}"
minilm_logistic_regression,minilm_full512_norm_cwbalanced_c0.1,1779,0.9421023046655425,0.9634864546525324,0.9191011235955057,0.9407705577918345,0.9651293588301463,0.942115241212826,0.8980262897546005,0.6175905758978987,0.3052012920015841,"{""C"": 0.1, ""class_weight"": ""balanced"", ""normalized"": true, ""representation"": ""full512"", ""threshold"": 0.6175905758978987}"
minilm_logistic_regression,minilm_full512_norm_cwbalanced_c1,1779,0.955593029792018,0.9490586932447398,0.9629213483146067,0.9559397657557167,0.9482564679415073,0.9555889081280571,0.8973262242793851,0.4610647111853801,0.4458931670014863,"{""C"": 1.0, ""class_weight"": ""balanced"", ""normalized"": true, ""representation"": ""full512"", ""threshold"": 0.4610647111853801}"
minilm_logistic_regression,minilm_full512_norm_cwbalanced_c10,1779,0.9584035975267003,0.9584269662921349,0.9584269662921349,0.9584269662921349,0.9583802024746907,0.9584035843834128,0.9004348513127691,0.5120703280664782,0.425972457996977,"{""C"": 10.0, ""class_weight"": ""balanced"", ""normalized"": true, ""representation"": ""full512"", ""threshold"": 0.5120703280664782}"
minilm_logistic_regression,minilm_chunks256_raw_cwnone_c0.01,1779,0.910061832490163,0.8891257995735607,0.9370786516853933,0.912472647702407,0.8830146231721034,0.9100466374287484,0.86461602772676,0.43966423466443977,0.33670408399484586,"{""C"": 0.01, ""class_weight"": ""none"", ""normalized"": false, ""representation"": ""chunks256"", ""threshold"": 0.43966423466443977}"
minilm_logistic_regression,minilm_chunks256_raw_cwnone_c0.1,1779,0.9437886453063519,0.9438202247191011,0.9438202247191011,0.9438202247191011,0.9437570303712036,0.9437886275451524,0.9022103719222849,0.46673050300943414,0.28020912499778206,"{""C"": 0.1, ""class_weight"": ""none"", ""normalized"": false, ""representation"": ""chunks256"", ""threshold"": 0.46673050300943414}"
minilm_logistic_regression,minilm_chunks256_raw_cwnone_c1,1779,0.9561551433389545,0.9541387024608501,0.9584269662921349,0.9562780269058296,0.953880764904387,0.9561538655982609,0.9161915972184976,0.5,0.3344876250048401,"{""C"": 1.0, ""class_weight"": ""none"", ""normalized"": false, ""representation"": ""chunks256"", ""threshold"": 0.5}"
minilm_logistic_regression,minilm_chunks256_raw_cwnone_c10,1779,0.9612141652613828,0.9525909592061742,0.9707865168539326,0.9616026711185309,0.9516310461192351,0.9612087814865838,0.9136844993104738,0.41404825306269083,0.41966975000104867,"{""C"": 10.0, ""class_weight"": ""none"", ""normalized"": false, ""representation"": ""chunks256"", ""threshold"": 0.41404825306269083}"
minilm_logistic_regression,minilm_chunks256_raw_cwbalanced_c0.01,1779,0.910061832490163,0.8891257995735607,0.9370786516853933,0.912472647702407,0.8830146231721034,0.9100466374287484,0.86461602772676,0.43966423466443977,0.25253966599848354,"{""C"": 0.01, ""class_weight"": ""balanced"", ""normalized"": false, ""representation"": ""chunks256"", ""threshold"": 0.43966423466443977}"
minilm_logistic_regression,minilm_chunks256_raw_cwbalanced_c0.1,1779,0.9437886453063519,0.9438202247191011,0.9438202247191011,0.9438202247191011,0.9437570303712036,0.9437886275451524,0.9022103719222849,0.46673050300943414,0.2932265829949756,"{""C"": 0.1, ""class_weight"": ""balanced"", ""normalized"": false, ""representation"": ""chunks256"", ""threshold"": 0.46673050300943414}"
minilm_logistic_regression,minilm_chunks256_raw_cwbalanced_c1,1779,0.9561551433389545,0.9541387024608501,0.9584269662921349,0.9562780269058296,0.953880764904387,0.9561538655982609,0.9161915972184976,0.5,0.3395590829968569,"{""C"": 1.0, ""class_weight"": ""balanced"", ""normalized"": false, ""representation"": ""chunks256"", ""threshold"": 0.5}"
minilm_logistic_regression,minilm_chunks256_raw_cwbalanced_c10,1779,0.9612141652613828,0.9525909592061742,0.9707865168539326,0.9616026711185309,0.9516310461192351,0.9612087814865838,0.9136844993104738,0.41404825306269083,0.4099337090010522,"{""C"": 10.0, ""class_weight"": ""balanced"", ""normalized"": false, ""representation"": ""chunks256"", ""threshold"": 0.41404825306269083}"
minilm_logistic_regression,minilm_chunks256_norm_cwnone_c0.01,1779,0.9128724002248454,0.8880675818373812,0.9449438202247191,0.9156232988568317,0.8807649043869517,0.9128543623058354,0.8662517137503262,0.42987966735091226,0.2918445420000353,"{""C"": 0.01, ""class_weight"": ""none"", ""normalized"": true, ""representation"": ""chunks256"", ""threshold"": 0.42987966735091226}"
minilm_logistic_regression,minilm_chunks256_norm_cwnone_c0.1,1779,0.9421023046655425,0.9272529858849077,0.9595505617977528,0.943125345113197,0.9246344206974129,0.9420924912475828,0.8984725169488487,0.39550391374897736,0.30732308400183683,"{""C"": 0.1, ""class_weight"": ""none"", ""normalized"": true, ""representation"": ""chunks256"", ""threshold"": 0.39550391374897736}"
minilm_logistic_regression,minilm_chunks256_norm_cwnone_c1,1779,0.9550309162450815,0.944078947368421,0.9674157303370786,0.9556048834628191,0.9426321709786277,0.9550239506578532,0.9128963065552554,0.4400955297504418,0.31297083299432416,"{""C"": 1.0, ""class_weight"": ""none"", ""normalized"": true, ""representation"": ""chunks256"", ""threshold"": 0.4400955297504418}"
minilm_logistic_regression,minilm_chunks256_norm_cwnone_c10,1779,0.9606520517144463,0.9606741573033708,0.9606741573033708,0.9606741573033708,0.9606299212598425,0.9606520392816067,0.9066535740612839,0.5310529206016678,0.34343966700544115,"{""C"": 10.0, ""class_weight"": ""none"", ""normalized"": true, ""representation"": ""chunks256"", ""threshold"": 0.5310529206016678}"
minilm_logistic_regression,minilm_chunks256_norm_cwbalanced_c0.01,1779,0.9128724002248454,0.8880675818373812,0.9449438202247191,0.9156232988568317,0.8807649043869517,0.9128543623058354,0.8662517137503262,0.42987966735091226,0.25421833399741445,"{""C"": 0.01, ""class_weight"": ""balanced"", ""normalized"": true, ""representation"": ""chunks256"", ""threshold"": 0.42987966735091226}"
minilm_logistic_regression,minilm_chunks256_norm_cwbalanced_c0.1,1779,0.9421023046655425,0.9272529858849077,0.9595505617977528,0.943125345113197,0.9246344206974129,0.9420924912475828,0.8984725169488487,0.39550391374897736,0.3039354170032311,"{""C"": 0.1, ""class_weight"": ""balanced"", ""normalized"": true, ""representation"": ""chunks256"", ""threshold"": 0.39550391374897736}"
minilm_logistic_regression,minilm_chunks256_norm_cwbalanced_c1,1779,0.9550309162450815,0.944078947368421,0.9674157303370786,0.9556048834628191,0.9426321709786277,0.9550239506578532,0.9128963065552554,0.4400955297504418,0.32168312500289176,"{""C"": 1.0, ""class_weight"": ""balanced"", ""normalized"": true, ""representation"": ""chunks256"", ""threshold"": 0.4400955297504418}"
minilm_logistic_regression,minilm_chunks256_norm_cwbalanced_c10,1779,0.9606520517144463,0.9606741573033708,0.9606741573033708,0.9606741573033708,0.9606299212598425,0.9606520392816067,0.9066535740612839,0.5310529206016678,0.36782133300584974,"{""C"": 10.0, ""class_weight"": ""balanced"", ""normalized"": true, ""representation"": ""chunks256"", ""threshold"": 0.5310529206016678}"
minilm_logistic_regression,minilm_subject_body256_raw_cwnone_c0.01,1779,0.9437886453063519,0.9312227074235808,0.9584269662921349,0.9446290143964564,0.9291338582677166,0.9437804122799257,0.8854924154934276,0.4542237363244983,0.6192581249997602,"{""C"": 0.01, ""class_weight"": ""none"", ""normalized"": false, ""representation"": ""subject_body256"", ""threshold"": 0.4542237363244983}"
minilm_logistic_regression,minilm_subject_body256_raw_cwnone_c0.1,1779,0.9629005059021922,0.9703196347031964,0.9550561797752809,0.9626274065685163,0.9707536557930259,0.9629049177841533,0.9164895857400304,0.5632553321910114,0.49014874999556923,"{""C"": 0.1, ""class_weight"": ""none"", ""normalized"": false, ""representation"": ""subject_body256"", ""threshold"": 0.5632553321910114}"
minilm_logistic_regression,minilm_subject_body256_raw_cwnone_c1,1779,0.9651489600899381,0.9651685393258427,0.9651685393258427,0.9651685393258427,0.9651293588301463,0.9651489490779945,0.9266707321952208,0.5497923250316188,0.5509870419991785,"{""C"": 1.0, ""class_weight"": ""none"", ""normalized"": false, ""representation"": ""subject_body256"", ""threshold"": 0.5497923250316188}"
minilm_logistic_regression,minilm_subject_body256_raw_cwnone_c10,1779,0.9645868465430016,0.9693530079455165,0.9595505617977528,0.9644268774703557,0.96962879640045,0.9645896790991013,0.9262771811079062,0.649112697757745,0.5463574579989654,"{""C"": 10.0, ""class_weight"": ""none"", ""normalized"": false, ""representation"": ""subject_body256"", ""threshold"": 0.649112697757745}"
minilm_logistic_regression,minilm_subject_body256_raw_cwbalanced_c0.01,1779,0.9437886453063519,0.9312227074235808,0.9584269662921349,0.9446290143964564,0.9291338582677166,0.9437804122799257,0.8854924154934276,0.4542237363244983,0.5153377090027789,"{""C"": 0.01, ""class_weight"": ""balanced"", ""normalized"": false, ""representation"": ""subject_body256"", ""threshold"": 0.4542237363244983}"
minilm_logistic_regression,minilm_subject_body256_raw_cwbalanced_c0.1,1779,0.9629005059021922,0.9703196347031964,0.9550561797752809,0.9626274065685163,0.9707536557930259,0.9629049177841533,0.9164895857400304,0.5632553321910114,0.47098133400140796,"{""C"": 0.1, ""class_weight"": ""balanced"", ""normalized"": false, ""representation"": ""subject_body256"", ""threshold"": 0.5632553321910114}"
minilm_logistic_regression,minilm_subject_body256_raw_cwbalanced_c1,1779,0.9651489600899381,0.9651685393258427,0.9651685393258427,0.9651685393258427,0.9651293588301463,0.9651489490779945,0.9266707321952208,0.5497923250316188,0.532049832996563,"{""C"": 1.0, ""class_weight"": ""balanced"", ""normalized"": false, ""representation"": ""subject_body256"", ""threshold"": 0.5497923250316188}"
minilm_logistic_regression,minilm_subject_body256_raw_cwbalanced_c10,1779,0.9645868465430016,0.9693530079455165,0.9595505617977528,0.9644268774703557,0.96962879640045,0.9645896790991013,0.9262771811079062,0.649112697757745,0.5393966249976074,"{""C"": 10.0, ""class_weight"": ""balanced"", ""normalized"": false, ""representation"": ""subject_body256"", ""threshold"": 0.649112697757745}"
minilm_logistic_regression,minilm_subject_body256_norm_cwnone_c0.01,1779,0.9398538504777965,0.9536500579374276,0.9247191011235955,0.9389617798060468,0.9550056242969629,0.9398623627102791,0.8675274054012665,0.543398291512848,0.40783304200158454,"{""C"": 0.01, ""class_weight"": ""none"", ""normalized"": true, ""representation"": ""subject_body256"", ""threshold"": 0.543398291512848}"
minilm_logistic_regression,minilm_subject_body256_norm_cwnone_c0.1,1779,0.9572793704328274,0.9552572706935123,0.9595505617977528,0.9573991031390136,0.9550056242969629,0.9572780930473579,0.9138504494167143,0.48712493027494297,0.4802117500003078,"{""C"": 0.1, ""class_weight"": ""none"", ""normalized"": true, ""representation"": ""subject_body256"", ""threshold"": 0.48712493027494297}"
minilm_logistic_regression,minilm_subject_body256_norm_cwnone_c1,1779,0.9640247329960652,0.9640449438202248,0.9640449438202248,0.9640449438202248,0.9640044994375703,0.9640247216288975,0.9229280696235713,0.5413304354865128,0.6991122499966878,"{""C"": 1.0, ""class_weight"": ""none"", ""normalized"": true, ""representation"": ""subject_body256"", ""threshold"": 0.5413304354865128}"
minilm_logistic_regression,minilm_subject_body256_norm_cwnone_c10,1779,0.9629005059021922,0.9629213483146067,0.9629213483146067,0.9629213483146066,0.9628796400449944,0.9629004941798005,0.9286875185566343,0.5808626599554912,0.6698692079953616,"{""C"": 10.0, ""class_weight"": ""none"", ""normalized"": true, ""representation"": ""subject_body256"", ""threshold"": 0.5808626599554912}"
minilm_logistic_regression,minilm_subject_body256_norm_cwbalanced_c0.01,1779,0.9398538504777965,0.9536500579374276,0.9247191011235955,0.9389617798060468,0.9550056242969629,0.9398623627102791,0.8675274054012665,0.543398291512848,0.43673716700141085,"{""C"": 0.01, ""class_weight"": ""balanced"", ""normalized"": true, ""representation"": ""subject_body256"", ""threshold"": 0.543398291512848}"
minilm_logistic_regression,minilm_subject_body256_norm_cwbalanced_c0.1,1779,0.9572793704328274,0.9552572706935123,0.9595505617977528,0.9573991031390136,0.9550056242969629,0.9572780930473579,0.9138504494167143,0.48712493027494297,0.4822717089991784,"{""C"": 0.1, ""class_weight"": ""balanced"", ""normalized"": true, ""representation"": ""subject_body256"", ""threshold"": 0.48712493027494297}"
minilm_logistic_regression,minilm_subject_body256_norm_cwbalanced_c1,1779,0.9640247329960652,0.9640449438202248,0.9640449438202248,0.9640449438202248,0.9640044994375703,0.9640247216288975,0.9229280696235713,0.5413304354865128,0.6718044170047506,"{""C"": 1.0, ""class_weight"": ""balanced"", ""normalized"": true, ""representation"": ""subject_body256"", ""threshold"": 0.5413304354865128}"
minilm_logistic_regression,minilm_subject_body256_norm_cwbalanced_c10,1779,0.9629005059021922,0.9629213483146067,0.9629213483146067,0.9629213483146066,0.9628796400449944,0.9629004941798005,0.9286875185566343,0.5808626599554912,0.6800307909943513,"{""C"": 10.0, ""class_weight"": ""balanced"", ""normalized"": true, ""representation"": ""subject_body256"", ""threshold"": 0.5808626599554912}"
