method,evaluation_method,dataset,config_index,config_id,checkpoint_type,checkpoint_step,rows,ham_count,spam_count,accuracy,precision,recall,f1,specificity,balanced_accuracy,false_positive_count,false_negative_count,true_positive_count,true_negative_count,false_positive_rate,false_negative_rate,spam_prediction_rate,classification_failure_count,classification_failure_rate,eval_batch_size,max_seq_length,learning_rate,lora_r,lora_alpha,lora_dropout,checkpoint_path,runtime_seconds,status,error_message
01_sequence_classification,sequence_classification,train_subset,6,lr_context_seq1024_lr1e-4_r16_a32_do0p05,trainer_checkpoint,600,1000,500,500,0.989,0.9841584158415841,0.994,0.9890547263681592,0.984,0.989,8.0,3.0,497.0,492.0,0.016,0.006,0.505,0.0,0.0,32.0,1024,0.0001,16,32,0.05,/home/ubuntu/masters-thesis/lora-fine-tuning/methods/01_sequence_classification/results/sweeps/qwen3_sequence_classification_20260606_214107/06_lr_context_seq1024_lr1e-4_r16_a32_do0p05/trainer_output/checkpoint-600,13.077,completed,
01_sequence_classification,sequence_classification,enron,6,lr_context_seq1024_lr1e-4_r16_a32_do0p05,trainer_checkpoint,600,1000,1000,0,0.777,0.0,0.0,0.0,0.777,0.3885,223.0,0.0,0.0,777.0,0.223,0.0,0.223,0.0,0.0,32.0,1024,0.0001,16,32,0.05,/home/ubuntu/masters-thesis/lora-fine-tuning/methods/01_sequence_classification/results/sweeps/qwen3_sequence_classification_20260606_214107/06_lr_context_seq1024_lr1e-4_r16_a32_do0p05/trainer_output/checkpoint-600,9.2757,completed,
01_sequence_classification,sequence_classification,fraudulent_email_corpus,6,lr_context_seq1024_lr1e-4_r16_a32_do0p05,trainer_checkpoint,600,1000,0,1000,0.979,1.0,0.979,0.989388580090955,0.0,0.4895,0.0,21.0,979.0,0.0,0.0,0.021,0.979,0.0,0.0,32.0,1024,0.0001,16,32,0.05,/home/ubuntu/masters-thesis/lora-fine-tuning/methods/01_sequence_classification/results/sweeps/qwen3_sequence_classification_20260606_214107/06_lr_context_seq1024_lr1e-4_r16_a32_do0p05/trainer_output/checkpoint-600,15.3336,completed,
01_sequence_classification,sequence_classification,spam_ham,6,lr_context_seq1024_lr1e-4_r16_a32_do0p05,trainer_checkpoint,600,1000,716,284,0.643,0.4419713831478537,0.9788732394366197,0.6089813800657174,0.5097765363128491,0.7443248878747344,351.0,6.0,278.0,365.0,0.49022346368715086,0.02112676056338028,0.629,0.0,0.0,32.0,1024,0.0001,16,32,0.05,/home/ubuntu/masters-thesis/lora-fine-tuning/methods/01_sequence_classification/results/sweeps/qwen3_sequence_classification_20260606_214107/06_lr_context_seq1024_lr1e-4_r16_a32_do0p05/trainer_output/checkpoint-600,8.2119,completed,
01_sequence_classification,sequence_classification,train_subset,6,lr_context_seq1024_lr1e-4_r16_a32_do0p05,trainer_checkpoint,1800,1000,500,500,0.996,0.9979919678714859,0.994,0.9959919839679359,0.998,0.996,1.0,3.0,497.0,499.0,0.002,0.006,0.498,0.0,0.0,32.0,1024,0.0001,16,32,0.05,/home/ubuntu/masters-thesis/lora-fine-tuning/methods/01_sequence_classification/results/sweeps/qwen3_sequence_classification_20260606_214107/06_lr_context_seq1024_lr1e-4_r16_a32_do0p05/trainer_output/checkpoint-1800,10.4205,completed,
01_sequence_classification,sequence_classification,enron,6,lr_context_seq1024_lr1e-4_r16_a32_do0p05,trainer_checkpoint,1800,1000,1000,0,0.895,0.0,0.0,0.0,0.895,0.4475,105.0,0.0,0.0,895.0,0.105,0.0,0.105,0.0,0.0,32.0,1024,0.0001,16,32,0.05,/home/ubuntu/masters-thesis/lora-fine-tuning/methods/01_sequence_classification/results/sweeps/qwen3_sequence_classification_20260606_214107/06_lr_context_seq1024_lr1e-4_r16_a32_do0p05/trainer_output/checkpoint-1800,9.2353,completed,
01_sequence_classification,sequence_classification,fraudulent_email_corpus,6,lr_context_seq1024_lr1e-4_r16_a32_do0p05,trainer_checkpoint,1800,1000,0,1000,0.99,1.0,0.99,0.9949748743718593,0.0,0.495,0.0,10.0,990.0,0.0,0.0,0.01,0.99,0.0,0.0,32.0,1024,0.0001,16,32,0.05,/home/ubuntu/masters-thesis/lora-fine-tuning/methods/01_sequence_classification/results/sweeps/qwen3_sequence_classification_20260606_214107/06_lr_context_seq1024_lr1e-4_r16_a32_do0p05/trainer_output/checkpoint-1800,15.3296,completed,
01_sequence_classification,sequence_classification,spam_ham,6,lr_context_seq1024_lr1e-4_r16_a32_do0p05,trainer_checkpoint,1800,1000,716,284,0.808,0.6008771929824561,0.9647887323943662,0.7405405405405405,0.7458100558659218,0.855299394130144,182.0,10.0,274.0,534.0,0.2541899441340782,0.035211267605633804,0.456,0.0,0.0,32.0,1024,0.0001,16,32,0.05,/home/ubuntu/masters-thesis/lora-fine-tuning/methods/01_sequence_classification/results/sweeps/qwen3_sequence_classification_20260606_214107/06_lr_context_seq1024_lr1e-4_r16_a32_do0p05/trainer_output/checkpoint-1800,8.2113,completed,
01_sequence_classification,sequence_classification,train_subset,6,lr_context_seq1024_lr1e-4_r16_a32_do0p05,trainer_checkpoint,2400,1000,500,500,0.995,0.9900990099009901,1.0,0.9950248756218906,0.99,0.995,5.0,0.0,500.0,495.0,0.01,0.0,0.505,0.0,0.0,32.0,1024,0.0001,16,32,0.05,/home/ubuntu/masters-thesis/lora-fine-tuning/methods/01_sequence_classification/results/sweeps/qwen3_sequence_classification_20260606_214107/06_lr_context_seq1024_lr1e-4_r16_a32_do0p05/trainer_output/checkpoint-2400,10.4573,completed,
01_sequence_classification,sequence_classification,enron,6,lr_context_seq1024_lr1e-4_r16_a32_do0p05,trainer_checkpoint,2400,1000,1000,0,0.849,0.0,0.0,0.0,0.849,0.4245,151.0,0.0,0.0,849.0,0.151,0.0,0.151,0.0,0.0,32.0,1024,0.0001,16,32,0.05,/home/ubuntu/masters-thesis/lora-fine-tuning/methods/01_sequence_classification/results/sweeps/qwen3_sequence_classification_20260606_214107/06_lr_context_seq1024_lr1e-4_r16_a32_do0p05/trainer_output/checkpoint-2400,9.288,completed,
01_sequence_classification,sequence_classification,fraudulent_email_corpus,6,lr_context_seq1024_lr1e-4_r16_a32_do0p05,trainer_checkpoint,2400,1000,0,1000,1.0,1.0,1.0,1.0,0.0,0.5,0.0,0.0,1000.0,0.0,0.0,0.0,1.0,0.0,0.0,32.0,1024,0.0001,16,32,0.05,/home/ubuntu/masters-thesis/lora-fine-tuning/methods/01_sequence_classification/results/sweeps/qwen3_sequence_classification_20260606_214107/06_lr_context_seq1024_lr1e-4_r16_a32_do0p05/trainer_output/checkpoint-2400,15.3396,completed,
01_sequence_classification,sequence_classification,spam_ham,6,lr_context_seq1024_lr1e-4_r16_a32_do0p05,trainer_checkpoint,2400,1000,716,284,0.812,0.6016949152542372,1.0,0.7513227513227513,0.7374301675977654,0.8687150837988826,188.0,0.0,284.0,528.0,0.26256983240223464,0.0,0.472,0.0,0.0,32.0,1024,0.0001,16,32,0.05,/home/ubuntu/masters-thesis/lora-fine-tuning/methods/01_sequence_classification/results/sweeps/qwen3_sequence_classification_20260606_214107/06_lr_context_seq1024_lr1e-4_r16_a32_do0p05/trainer_output/checkpoint-2400,8.2064,completed,
01_sequence_classification,sequence_classification,train_subset,6,lr_context_seq1024_lr1e-4_r16_a32_do0p05,trainer_checkpoint,3600,1000,500,500,1.0,1.0,1.0,1.0,1.0,1.0,0.0,0.0,500.0,500.0,0.0,0.0,0.5,0.0,0.0,32.0,1024,0.0001,16,32,0.05,/home/ubuntu/masters-thesis/lora-fine-tuning/methods/01_sequence_classification/results/sweeps/qwen3_sequence_classification_20260606_214107/06_lr_context_seq1024_lr1e-4_r16_a32_do0p05/trainer_output/checkpoint-3600,10.4651,completed,
01_sequence_classification,sequence_classification,enron,6,lr_context_seq1024_lr1e-4_r16_a32_do0p05,trainer_checkpoint,3600,1000,1000,0,0.846,0.0,0.0,0.0,0.846,0.423,154.0,0.0,0.0,846.0,0.154,0.0,0.154,0.0,0.0,32.0,1024,0.0001,16,32,0.05,/home/ubuntu/masters-thesis/lora-fine-tuning/methods/01_sequence_classification/results/sweeps/qwen3_sequence_classification_20260606_214107/06_lr_context_seq1024_lr1e-4_r16_a32_do0p05/trainer_output/checkpoint-3600,9.2404,completed,
01_sequence_classification,sequence_classification,fraudulent_email_corpus,6,lr_context_seq1024_lr1e-4_r16_a32_do0p05,trainer_checkpoint,3600,1000,0,1000,1.0,1.0,1.0,1.0,0.0,0.5,0.0,0.0,1000.0,0.0,0.0,0.0,1.0,0.0,0.0,32.0,1024,0.0001,16,32,0.05,/home/ubuntu/masters-thesis/lora-fine-tuning/methods/01_sequence_classification/results/sweeps/qwen3_sequence_classification_20260606_214107/06_lr_context_seq1024_lr1e-4_r16_a32_do0p05/trainer_output/checkpoint-3600,15.353,completed,
01_sequence_classification,sequence_classification,spam_ham,6,lr_context_seq1024_lr1e-4_r16_a32_do0p05,trainer_checkpoint,3600,1000,716,284,0.806,0.5945378151260504,0.9964788732394366,0.7447368421052631,0.7304469273743017,0.8634629003068692,193.0,1.0,283.0,523.0,0.26955307262569833,0.0035211267605633804,0.476,0.0,0.0,32.0,1024,0.0001,16,32,0.05,/home/ubuntu/masters-thesis/lora-fine-tuning/methods/01_sequence_classification/results/sweeps/qwen3_sequence_classification_20260606_214107/06_lr_context_seq1024_lr1e-4_r16_a32_do0p05/trainer_output/checkpoint-3600,8.2492,completed,
01_sequence_classification,sequence_classification,train_subset,6,lr_context_seq1024_lr1e-4_r16_a32_do0p05,trainer_checkpoint,4200,1000,500,500,0.997,1.0,0.994,0.9969909729187563,1.0,0.997,0.0,3.0,497.0,500.0,0.0,0.006,0.497,0.0,0.0,32.0,1024,0.0001,16,32,0.05,/home/ubuntu/masters-thesis/lora-fine-tuning/methods/01_sequence_classification/results/sweeps/qwen3_sequence_classification_20260606_214107/06_lr_context_seq1024_lr1e-4_r16_a32_do0p05/trainer_output/checkpoint-4200,10.4376,completed,
01_sequence_classification,sequence_classification,enron,6,lr_context_seq1024_lr1e-4_r16_a32_do0p05,trainer_checkpoint,4200,1000,1000,0,0.962,0.0,0.0,0.0,0.962,0.481,38.0,0.0,0.0,962.0,0.038,0.0,0.038,0.0,0.0,32.0,1024,0.0001,16,32,0.05,/home/ubuntu/masters-thesis/lora-fine-tuning/methods/01_sequence_classification/results/sweeps/qwen3_sequence_classification_20260606_214107/06_lr_context_seq1024_lr1e-4_r16_a32_do0p05/trainer_output/checkpoint-4200,9.3038,completed,
01_sequence_classification,sequence_classification,fraudulent_email_corpus,6,lr_context_seq1024_lr1e-4_r16_a32_do0p05,trainer_checkpoint,4200,1000,0,1000,0.967,1.0,0.967,0.9832231825114387,0.0,0.4835,0.0,33.0,967.0,0.0,0.0,0.033,0.967,0.0,0.0,32.0,1024,0.0001,16,32,0.05,/home/ubuntu/masters-thesis/lora-fine-tuning/methods/01_sequence_classification/results/sweeps/qwen3_sequence_classification_20260606_214107/06_lr_context_seq1024_lr1e-4_r16_a32_do0p05/trainer_output/checkpoint-4200,15.3376,completed,
01_sequence_classification,sequence_classification,spam_ham,6,lr_context_seq1024_lr1e-4_r16_a32_do0p05,trainer_checkpoint,4200,1000,716,284,0.971,0.9381443298969072,0.9612676056338029,0.9495652173913044,0.9748603351955307,0.9680639704146667,18.0,11.0,273.0,698.0,0.025139664804469275,0.03873239436619718,0.291,0.0,0.0,32.0,1024,0.0001,16,32,0.05,/home/ubuntu/masters-thesis/lora-fine-tuning/methods/01_sequence_classification/results/sweeps/qwen3_sequence_classification_20260606_214107/06_lr_context_seq1024_lr1e-4_r16_a32_do0p05/trainer_output/checkpoint-4200,8.1222,completed,
01_sequence_classification,sequence_classification,train_subset,6,lr_context_seq1024_lr1e-4_r16_a32_do0p05,trainer_checkpoint,5400,1000,500,500,1.0,1.0,1.0,1.0,1.0,1.0,0.0,0.0,500.0,500.0,0.0,0.0,0.5,0.0,0.0,32.0,1024,0.0001,16,32,0.05,/home/ubuntu/masters-thesis/lora-fine-tuning/methods/01_sequence_classification/results/sweeps/qwen3_sequence_classification_20260606_214107/06_lr_context_seq1024_lr1e-4_r16_a32_do0p05/trainer_output/checkpoint-5400,10.7611,completed,
01_sequence_classification,sequence_classification,enron,6,lr_context_seq1024_lr1e-4_r16_a32_do0p05,trainer_checkpoint,5400,1000,1000,0,0.868,0.0,0.0,0.0,0.868,0.434,132.0,0.0,0.0,868.0,0.132,0.0,0.132,0.0,0.0,32.0,1024,0.0001,16,32,0.05,/home/ubuntu/masters-thesis/lora-fine-tuning/methods/01_sequence_classification/results/sweeps/qwen3_sequence_classification_20260606_214107/06_lr_context_seq1024_lr1e-4_r16_a32_do0p05/trainer_output/checkpoint-5400,9.6131,completed,
01_sequence_classification,sequence_classification,fraudulent_email_corpus,6,lr_context_seq1024_lr1e-4_r16_a32_do0p05,trainer_checkpoint,5400,1000,0,1000,1.0,1.0,1.0,1.0,0.0,0.5,0.0,0.0,1000.0,0.0,0.0,0.0,1.0,0.0,0.0,32.0,1024,0.0001,16,32,0.05,/home/ubuntu/masters-thesis/lora-fine-tuning/methods/01_sequence_classification/results/sweeps/qwen3_sequence_classification_20260606_214107/06_lr_context_seq1024_lr1e-4_r16_a32_do0p05/trainer_output/checkpoint-5400,15.395,completed,
01_sequence_classification,sequence_classification,spam_ham,6,lr_context_seq1024_lr1e-4_r16_a32_do0p05,trainer_checkpoint,5400,1000,716,284,0.882,0.7085427135678392,0.9929577464788732,0.8269794721407625,0.8379888268156425,0.9154732866472579,116.0,2.0,282.0,600.0,0.16201117318435754,0.007042253521126761,0.398,0.0,0.0,32.0,1024,0.0001,16,32,0.05,/home/ubuntu/masters-thesis/lora-fine-tuning/methods/01_sequence_classification/results/sweeps/qwen3_sequence_classification_20260606_214107/06_lr_context_seq1024_lr1e-4_r16_a32_do0p05/trainer_output/checkpoint-5400,8.1747,completed,
01_sequence_classification,sequence_classification,train_subset,6,lr_context_seq1024_lr1e-4_r16_a32_do0p05,trainer_checkpoint,6000,1000,500,500,0.999,1.0,0.998,0.998998998998999,1.0,0.999,0.0,1.0,499.0,500.0,0.0,0.002,0.499,0.0,0.0,32.0,1024,0.0001,16,32,0.05,/home/ubuntu/masters-thesis/lora-fine-tuning/methods/01_sequence_classification/results/sweeps/qwen3_sequence_classification_20260606_214107/06_lr_context_seq1024_lr1e-4_r16_a32_do0p05/trainer_output/checkpoint-6000,10.5423,completed,
01_sequence_classification,sequence_classification,enron,6,lr_context_seq1024_lr1e-4_r16_a32_do0p05,trainer_checkpoint,6000,1000,1000,0,0.927,0.0,0.0,0.0,0.927,0.4635,73.0,0.0,0.0,927.0,0.073,0.0,0.073,0.0,0.0,32.0,1024,0.0001,16,32,0.05,/home/ubuntu/masters-thesis/lora-fine-tuning/methods/01_sequence_classification/results/sweeps/qwen3_sequence_classification_20260606_214107/06_lr_context_seq1024_lr1e-4_r16_a32_do0p05/trainer_output/checkpoint-6000,9.2619,completed,
01_sequence_classification,sequence_classification,fraudulent_email_corpus,6,lr_context_seq1024_lr1e-4_r16_a32_do0p05,trainer_checkpoint,6000,1000,0,1000,1.0,1.0,1.0,1.0,0.0,0.5,0.0,0.0,1000.0,0.0,0.0,0.0,1.0,0.0,0.0,32.0,1024,0.0001,16,32,0.05,/home/ubuntu/masters-thesis/lora-fine-tuning/methods/01_sequence_classification/results/sweeps/qwen3_sequence_classification_20260606_214107/06_lr_context_seq1024_lr1e-4_r16_a32_do0p05/trainer_output/checkpoint-6000,15.3341,completed,
01_sequence_classification,sequence_classification,spam_ham,6,lr_context_seq1024_lr1e-4_r16_a32_do0p05,trainer_checkpoint,6000,1000,716,284,0.937,0.8259587020648967,0.9859154929577465,0.898876404494382,0.9175977653631285,0.9517566291604376,59.0,4.0,280.0,657.0,0.0824022346368715,0.014084507042253521,0.339,0.0,0.0,32.0,1024,0.0001,16,32,0.05,/home/ubuntu/masters-thesis/lora-fine-tuning/methods/01_sequence_classification/results/sweeps/qwen3_sequence_classification_20260606_214107/06_lr_context_seq1024_lr1e-4_r16_a32_do0p05/trainer_output/checkpoint-6000,8.1375,completed,
01_sequence_classification,sequence_classification,train_subset,6,lr_context_seq1024_lr1e-4_r16_a32_do0p05,trainer_checkpoint,7200,1000,500,500,0.999,1.0,0.998,0.998998998998999,1.0,0.999,0.0,1.0,499.0,500.0,0.0,0.002,0.499,0.0,0.0,32.0,1024,0.0001,16,32,0.05,/home/ubuntu/masters-thesis/lora-fine-tuning/methods/01_sequence_classification/results/sweeps/qwen3_sequence_classification_20260606_214107/06_lr_context_seq1024_lr1e-4_r16_a32_do0p05/trainer_output/checkpoint-7200,10.4316,completed,
01_sequence_classification,sequence_classification,enron,6,lr_context_seq1024_lr1e-4_r16_a32_do0p05,trainer_checkpoint,7200,1000,1000,0,0.953,0.0,0.0,0.0,0.953,0.4765,47.0,0.0,0.0,953.0,0.047,0.0,0.047,0.0,0.0,32.0,1024,0.0001,16,32,0.05,/home/ubuntu/masters-thesis/lora-fine-tuning/methods/01_sequence_classification/results/sweeps/qwen3_sequence_classification_20260606_214107/06_lr_context_seq1024_lr1e-4_r16_a32_do0p05/trainer_output/checkpoint-7200,9.3192,completed,
01_sequence_classification,sequence_classification,fraudulent_email_corpus,6,lr_context_seq1024_lr1e-4_r16_a32_do0p05,trainer_checkpoint,7200,1000,0,1000,1.0,1.0,1.0,1.0,0.0,0.5,0.0,0.0,1000.0,0.0,0.0,0.0,1.0,0.0,0.0,32.0,1024,0.0001,16,32,0.05,/home/ubuntu/masters-thesis/lora-fine-tuning/methods/01_sequence_classification/results/sweeps/qwen3_sequence_classification_20260606_214107/06_lr_context_seq1024_lr1e-4_r16_a32_do0p05/trainer_output/checkpoint-7200,15.3384,completed,
01_sequence_classification,sequence_classification,spam_ham,6,lr_context_seq1024_lr1e-4_r16_a32_do0p05,trainer_checkpoint,7200,1000,716,284,0.965,0.9003215434083601,0.9859154929577465,0.9411764705882353,0.9567039106145251,0.9713097017861358,31.0,4.0,280.0,685.0,0.04329608938547486,0.014084507042253521,0.311,0.0,0.0,32.0,1024,0.0001,16,32,0.05,/home/ubuntu/masters-thesis/lora-fine-tuning/methods/01_sequence_classification/results/sweeps/qwen3_sequence_classification_20260606_214107/06_lr_context_seq1024_lr1e-4_r16_a32_do0p05/trainer_output/checkpoint-7200,8.1325,completed,
01_sequence_classification,sequence_classification,train_subset,6,lr_context_seq1024_lr1e-4_r16_a32_do0p05,trainer_checkpoint,7800,1000,500,500,0.999,1.0,0.998,0.998998998998999,1.0,0.999,0.0,1.0,499.0,500.0,0.0,0.002,0.499,0.0,0.0,32.0,1024,0.0001,16,32,0.05,/home/ubuntu/masters-thesis/lora-fine-tuning/methods/01_sequence_classification/results/sweeps/qwen3_sequence_classification_20260606_214107/06_lr_context_seq1024_lr1e-4_r16_a32_do0p05/trainer_output/checkpoint-7800,10.4496,completed,
01_sequence_classification,sequence_classification,enron,6,lr_context_seq1024_lr1e-4_r16_a32_do0p05,trainer_checkpoint,7800,1000,1000,0,0.95,0.0,0.0,0.0,0.95,0.475,50.0,0.0,0.0,950.0,0.05,0.0,0.05,0.0,0.0,32.0,1024,0.0001,16,32,0.05,/home/ubuntu/masters-thesis/lora-fine-tuning/methods/01_sequence_classification/results/sweeps/qwen3_sequence_classification_20260606_214107/06_lr_context_seq1024_lr1e-4_r16_a32_do0p05/trainer_output/checkpoint-7800,9.2971,completed,
01_sequence_classification,sequence_classification,fraudulent_email_corpus,6,lr_context_seq1024_lr1e-4_r16_a32_do0p05,trainer_checkpoint,7800,1000,0,1000,1.0,1.0,1.0,1.0,0.0,0.5,0.0,0.0,1000.0,0.0,0.0,0.0,1.0,0.0,0.0,32.0,1024,0.0001,16,32,0.05,/home/ubuntu/masters-thesis/lora-fine-tuning/methods/01_sequence_classification/results/sweeps/qwen3_sequence_classification_20260606_214107/06_lr_context_seq1024_lr1e-4_r16_a32_do0p05/trainer_output/checkpoint-7800,15.3093,completed,
01_sequence_classification,sequence_classification,spam_ham,6,lr_context_seq1024_lr1e-4_r16_a32_do0p05,trainer_checkpoint,7800,1000,716,284,0.963,0.8945686900958466,0.9859154929577465,0.9380234505862647,0.9539106145251397,0.9699130537414431,33.0,4.0,280.0,683.0,0.046089385474860335,0.014084507042253521,0.313,0.0,0.0,32.0,1024,0.0001,16,32,0.05,/home/ubuntu/masters-thesis/lora-fine-tuning/methods/01_sequence_classification/results/sweeps/qwen3_sequence_classification_20260606_214107/06_lr_context_seq1024_lr1e-4_r16_a32_do0p05/trainer_output/checkpoint-7800,8.167,completed,
01_sequence_classification,sequence_classification,train_subset,6,lr_context_seq1024_lr1e-4_r16_a32_do0p05,final_adapter,final,1000,500,500,0.999,1.0,0.998,0.998998998998999,1.0,0.999,0.0,1.0,499.0,500.0,0.0,0.002,0.499,0.0,0.0,32.0,1024,0.0001,16,32,0.05,/home/ubuntu/masters-thesis/lora-fine-tuning/methods/01_sequence_classification/results/sweeps/qwen3_sequence_classification_20260606_214107/06_lr_context_seq1024_lr1e-4_r16_a32_do0p05/adapter,10.4162,completed,
01_sequence_classification,sequence_classification,enron,6,lr_context_seq1024_lr1e-4_r16_a32_do0p05,final_adapter,final,1000,1000,0,0.953,0.0,0.0,0.0,0.953,0.4765,47.0,0.0,0.0,953.0,0.047,0.0,0.047,0.0,0.0,32.0,1024,0.0001,16,32,0.05,/home/ubuntu/masters-thesis/lora-fine-tuning/methods/01_sequence_classification/results/sweeps/qwen3_sequence_classification_20260606_214107/06_lr_context_seq1024_lr1e-4_r16_a32_do0p05/adapter,9.2462,completed,
01_sequence_classification,sequence_classification,fraudulent_email_corpus,6,lr_context_seq1024_lr1e-4_r16_a32_do0p05,final_adapter,final,1000,0,1000,1.0,1.0,1.0,1.0,0.0,0.5,0.0,0.0,1000.0,0.0,0.0,0.0,1.0,0.0,0.0,32.0,1024,0.0001,16,32,0.05,/home/ubuntu/masters-thesis/lora-fine-tuning/methods/01_sequence_classification/results/sweeps/qwen3_sequence_classification_20260606_214107/06_lr_context_seq1024_lr1e-4_r16_a32_do0p05/adapter,15.3719,completed,
01_sequence_classification,sequence_classification,spam_ham,6,lr_context_seq1024_lr1e-4_r16_a32_do0p05,final_adapter,final,1000,716,284,0.965,0.9003215434083601,0.9859154929577465,0.9411764705882353,0.9567039106145251,0.9713097017861358,31.0,4.0,280.0,685.0,0.04329608938547486,0.014084507042253521,0.311,0.0,0.0,32.0,1024,0.0001,16,32,0.05,/home/ubuntu/masters-thesis/lora-fine-tuning/methods/01_sequence_classification/results/sweeps/qwen3_sequence_classification_20260606_214107/06_lr_context_seq1024_lr1e-4_r16_a32_do0p05/adapter,8.1788,completed,
01_sequence_classification,sequence_classification,train_subset,8,lora_capacity_seq512_lr1e-4_r32_a64_do0p05,trainer_checkpoint,300,1000,500,500,0.981,0.9633911368015414,1.0,0.9813542688910697,0.962,0.981,19.0,0.0,500.0,481.0,0.038,0.0,0.519,0.0,0.0,32.0,512,0.0001,32,64,0.05,/home/ubuntu/masters-thesis/lora-fine-tuning/methods/01_sequence_classification/results/sweeps/qwen3_sequence_classification_20260606_214107/08_lora_capacity_seq512_lr1e-4_r32_a64_do0p05/trainer_output/checkpoint-300,7.934,completed,
01_sequence_classification,sequence_classification,enron,8,lora_capacity_seq512_lr1e-4_r32_a64_do0p05,trainer_checkpoint,300,1000,1000,0,0.7,0.0,0.0,0.0,0.7,0.35,300.0,0.0,0.0,700.0,0.3,0.0,0.3,0.0,0.0,32.0,512,0.0001,32,64,0.05,/home/ubuntu/masters-thesis/lora-fine-tuning/methods/01_sequence_classification/results/sweeps/qwen3_sequence_classification_20260606_214107/08_lora_capacity_seq512_lr1e-4_r32_a64_do0p05/trainer_output/checkpoint-300,7.1866,completed,
01_sequence_classification,sequence_classification,fraudulent_email_corpus,8,lora_capacity_seq512_lr1e-4_r32_a64_do0p05,trainer_checkpoint,300,1000,0,1000,0.998,1.0,0.998,0.998998998998999,0.0,0.499,0.0,2.0,998.0,0.0,0.0,0.002,0.998,0.0,0.0,32.0,512,0.0001,32,64,0.05,/home/ubuntu/masters-thesis/lora-fine-tuning/methods/01_sequence_classification/results/sweeps/qwen3_sequence_classification_20260606_214107/08_lora_capacity_seq512_lr1e-4_r32_a64_do0p05/trainer_output/checkpoint-300,11.1546,completed,
01_sequence_classification,sequence_classification,spam_ham,8,lora_capacity_seq512_lr1e-4_r32_a64_do0p05,trainer_checkpoint,300,1000,716,284,0.641,0.4414976599063963,0.9964788732394366,0.6118918918918919,0.5,0.7482394366197183,358.0,1.0,283.0,358.0,0.5,0.0035211267605633804,0.641,0.0,0.0,32.0,512,0.0001,32,64,0.05,/home/ubuntu/masters-thesis/lora-fine-tuning/methods/01_sequence_classification/results/sweeps/qwen3_sequence_classification_20260606_214107/08_lora_capacity_seq512_lr1e-4_r32_a64_do0p05/trainer_output/checkpoint-300,6.606,completed,
01_sequence_classification,sequence_classification,train_subset,8,lora_capacity_seq512_lr1e-4_r32_a64_do0p05,trainer_checkpoint,900,1000,500,500,0.991,0.9823182711198428,1.0,0.9910802775024777,0.982,0.991,9.0,0.0,500.0,491.0,0.018,0.0,0.509,0.0,0.0,32.0,512,0.0001,32,64,0.05,/home/ubuntu/masters-thesis/lora-fine-tuning/methods/01_sequence_classification/results/sweeps/qwen3_sequence_classification_20260606_214107/08_lora_capacity_seq512_lr1e-4_r32_a64_do0p05/trainer_output/checkpoint-900,7.9583,completed,
01_sequence_classification,sequence_classification,enron,8,lora_capacity_seq512_lr1e-4_r32_a64_do0p05,trainer_checkpoint,900,1000,1000,0,0.823,0.0,0.0,0.0,0.823,0.4115,177.0,0.0,0.0,823.0,0.177,0.0,0.177,0.0,0.0,32.0,512,0.0001,32,64,0.05,/home/ubuntu/masters-thesis/lora-fine-tuning/methods/01_sequence_classification/results/sweeps/qwen3_sequence_classification_20260606_214107/08_lora_capacity_seq512_lr1e-4_r32_a64_do0p05/trainer_output/checkpoint-900,7.3051,completed,
01_sequence_classification,sequence_classification,fraudulent_email_corpus,8,lora_capacity_seq512_lr1e-4_r32_a64_do0p05,trainer_checkpoint,900,1000,0,1000,1.0,1.0,1.0,1.0,0.0,0.5,0.0,0.0,1000.0,0.0,0.0,0.0,1.0,0.0,0.0,32.0,512,0.0001,32,64,0.05,/home/ubuntu/masters-thesis/lora-fine-tuning/methods/01_sequence_classification/results/sweeps/qwen3_sequence_classification_20260606_214107/08_lora_capacity_seq512_lr1e-4_r32_a64_do0p05/trainer_output/checkpoint-900,11.146,completed,
01_sequence_classification,sequence_classification,spam_ham,8,lora_capacity_seq512_lr1e-4_r32_a64_do0p05,trainer_checkpoint,900,1000,716,284,0.698,0.48464163822525597,1.0,0.6528735632183909,0.5782122905027933,0.7891061452513967,302.0,0.0,284.0,414.0,0.42178770949720673,0.0,0.586,0.0,0.0,32.0,512,0.0001,32,64,0.05,/home/ubuntu/masters-thesis/lora-fine-tuning/methods/01_sequence_classification/results/sweeps/qwen3_sequence_classification_20260606_214107/08_lora_capacity_seq512_lr1e-4_r32_a64_do0p05/trainer_output/checkpoint-900,6.7331,completed,
01_sequence_classification,sequence_classification,train_subset,8,lora_capacity_seq512_lr1e-4_r32_a64_do0p05,trainer_checkpoint,1200,1000,500,500,0.996,0.9920634920634921,1.0,0.9960159362549801,0.992,0.996,4.0,0.0,500.0,496.0,0.008,0.0,0.504,0.0,0.0,32.0,512,0.0001,32,64,0.05,/home/ubuntu/masters-thesis/lora-fine-tuning/methods/01_sequence_classification/results/sweeps/qwen3_sequence_classification_20260606_214107/08_lora_capacity_seq512_lr1e-4_r32_a64_do0p05/trainer_output/checkpoint-1200,7.9157,completed,
01_sequence_classification,sequence_classification,enron,8,lora_capacity_seq512_lr1e-4_r32_a64_do0p05,trainer_checkpoint,1200,1000,1000,0,0.884,0.0,0.0,0.0,0.884,0.442,116.0,0.0,0.0,884.0,0.116,0.0,0.116,0.0,0.0,32.0,512,0.0001,32,64,0.05,/home/ubuntu/masters-thesis/lora-fine-tuning/methods/01_sequence_classification/results/sweeps/qwen3_sequence_classification_20260606_214107/08_lora_capacity_seq512_lr1e-4_r32_a64_do0p05/trainer_output/checkpoint-1200,7.2145,completed,
01_sequence_classification,sequence_classification,fraudulent_email_corpus,8,lora_capacity_seq512_lr1e-4_r32_a64_do0p05,trainer_checkpoint,1200,1000,0,1000,0.999,1.0,0.999,0.9994997498749375,0.0,0.4995,0.0,1.0,999.0,0.0,0.0,0.001,0.999,0.0,0.0,32.0,512,0.0001,32,64,0.05,/home/ubuntu/masters-thesis/lora-fine-tuning/methods/01_sequence_classification/results/sweeps/qwen3_sequence_classification_20260606_214107/08_lora_capacity_seq512_lr1e-4_r32_a64_do0p05/trainer_output/checkpoint-1200,11.1684,completed,
01_sequence_classification,sequence_classification,spam_ham,8,lora_capacity_seq512_lr1e-4_r32_a64_do0p05,trainer_checkpoint,1200,1000,716,284,0.838,0.6373873873873874,0.9964788732394366,0.7774725274725275,0.7751396648044693,0.885809269021953,161.0,1.0,283.0,555.0,0.22486033519553073,0.0035211267605633804,0.444,0.0,0.0,32.0,512,0.0001,32,64,0.05,/home/ubuntu/masters-thesis/lora-fine-tuning/methods/01_sequence_classification/results/sweeps/qwen3_sequence_classification_20260606_214107/08_lora_capacity_seq512_lr1e-4_r32_a64_do0p05/trainer_output/checkpoint-1200,6.6685,completed,
01_sequence_classification,sequence_classification,train_subset,8,lora_capacity_seq512_lr1e-4_r32_a64_do0p05,trainer_checkpoint,1800,1000,500,500,0.998,0.998,0.998,0.998,0.998,0.998,1.0,1.0,499.0,499.0,0.002,0.002,0.5,0.0,0.0,32.0,512,0.0001,32,64,0.05,/home/ubuntu/masters-thesis/lora-fine-tuning/methods/01_sequence_classification/results/sweeps/qwen3_sequence_classification_20260606_214107/08_lora_capacity_seq512_lr1e-4_r32_a64_do0p05/trainer_output/checkpoint-1800,7.9419,completed,
01_sequence_classification,sequence_classification,enron,8,lora_capacity_seq512_lr1e-4_r32_a64_do0p05,trainer_checkpoint,1800,1000,1000,0,0.909,0.0,0.0,0.0,0.909,0.4545,91.0,0.0,0.0,909.0,0.091,0.0,0.091,0.0,0.0,32.0,512,0.0001,32,64,0.05,/home/ubuntu/masters-thesis/lora-fine-tuning/methods/01_sequence_classification/results/sweeps/qwen3_sequence_classification_20260606_214107/08_lora_capacity_seq512_lr1e-4_r32_a64_do0p05/trainer_output/checkpoint-1800,7.2545,completed,
01_sequence_classification,sequence_classification,fraudulent_email_corpus,8,lora_capacity_seq512_lr1e-4_r32_a64_do0p05,trainer_checkpoint,1800,1000,0,1000,0.997,1.0,0.997,0.9984977466199298,0.0,0.4985,0.0,3.0,997.0,0.0,0.0,0.003,0.997,0.0,0.0,32.0,512,0.0001,32,64,0.05,/home/ubuntu/masters-thesis/lora-fine-tuning/methods/01_sequence_classification/results/sweeps/qwen3_sequence_classification_20260606_214107/08_lora_capacity_seq512_lr1e-4_r32_a64_do0p05/trainer_output/checkpoint-1800,11.0853,completed,
01_sequence_classification,sequence_classification,spam_ham,8,lora_capacity_seq512_lr1e-4_r32_a64_do0p05,trainer_checkpoint,1800,1000,716,284,0.87,0.6896551724137931,0.9859154929577465,0.8115942028985508,0.8240223463687151,0.9049689196632308,126.0,4.0,280.0,590.0,0.17597765363128492,0.014084507042253521,0.406,0.0,0.0,32.0,512,0.0001,32,64,0.05,/home/ubuntu/masters-thesis/lora-fine-tuning/methods/01_sequence_classification/results/sweeps/qwen3_sequence_classification_20260606_214107/08_lora_capacity_seq512_lr1e-4_r32_a64_do0p05/trainer_output/checkpoint-1800,6.6445,completed,
01_sequence_classification,sequence_classification,train_subset,8,lora_capacity_seq512_lr1e-4_r32_a64_do0p05,trainer_checkpoint,2100,1000,500,500,0.997,0.9940357852882704,1.0,0.9970089730807578,0.994,0.997,3.0,0.0,500.0,497.0,0.006,0.0,0.503,0.0,0.0,32.0,512,0.0001,32,64,0.05,/home/ubuntu/masters-thesis/lora-fine-tuning/methods/01_sequence_classification/results/sweeps/qwen3_sequence_classification_20260606_214107/08_lora_capacity_seq512_lr1e-4_r32_a64_do0p05/trainer_output/checkpoint-2100,7.9909,completed,
01_sequence_classification,sequence_classification,enron,8,lora_capacity_seq512_lr1e-4_r32_a64_do0p05,trainer_checkpoint,2100,1000,1000,0,0.866,0.0,0.0,0.0,0.866,0.433,134.0,0.0,0.0,866.0,0.134,0.0,0.134,0.0,0.0,32.0,512,0.0001,32,64,0.05,/home/ubuntu/masters-thesis/lora-fine-tuning/methods/01_sequence_classification/results/sweeps/qwen3_sequence_classification_20260606_214107/08_lora_capacity_seq512_lr1e-4_r32_a64_do0p05/trainer_output/checkpoint-2100,7.2825,completed,
01_sequence_classification,sequence_classification,fraudulent_email_corpus,8,lora_capacity_seq512_lr1e-4_r32_a64_do0p05,trainer_checkpoint,2100,1000,0,1000,0.997,1.0,0.997,0.9984977466199298,0.0,0.4985,0.0,3.0,997.0,0.0,0.0,0.003,0.997,0.0,0.0,32.0,512,0.0001,32,64,0.05,/home/ubuntu/masters-thesis/lora-fine-tuning/methods/01_sequence_classification/results/sweeps/qwen3_sequence_classification_20260606_214107/08_lora_capacity_seq512_lr1e-4_r32_a64_do0p05/trainer_output/checkpoint-2100,11.1704,completed,
01_sequence_classification,sequence_classification,spam_ham,8,lora_capacity_seq512_lr1e-4_r32_a64_do0p05,trainer_checkpoint,2100,1000,716,284,0.891,0.7272727272727273,0.9859154929577465,0.8370702541106129,0.8533519553072626,0.9196337241325045,105.0,4.0,280.0,611.0,0.14664804469273743,0.014084507042253521,0.385,0.0,0.0,32.0,512,0.0001,32,64,0.05,/home/ubuntu/masters-thesis/lora-fine-tuning/methods/01_sequence_classification/results/sweeps/qwen3_sequence_classification_20260606_214107/08_lora_capacity_seq512_lr1e-4_r32_a64_do0p05/trainer_output/checkpoint-2100,6.6186,completed,
01_sequence_classification,sequence_classification,train_subset,8,lora_capacity_seq512_lr1e-4_r32_a64_do0p05,trainer_checkpoint,2700,1000,500,500,0.998,0.9960159362549801,1.0,0.998003992015968,0.996,0.998,2.0,0.0,500.0,498.0,0.004,0.0,0.502,0.0,0.0,32.0,512,0.0001,32,64,0.05,/home/ubuntu/masters-thesis/lora-fine-tuning/methods/01_sequence_classification/results/sweeps/qwen3_sequence_classification_20260606_214107/08_lora_capacity_seq512_lr1e-4_r32_a64_do0p05/trainer_output/checkpoint-2700,7.9499,completed,
01_sequence_classification,sequence_classification,enron,8,lora_capacity_seq512_lr1e-4_r32_a64_do0p05,trainer_checkpoint,2700,1000,1000,0,0.883,0.0,0.0,0.0,0.883,0.4415,117.0,0.0,0.0,883.0,0.117,0.0,0.117,0.0,0.0,32.0,512,0.0001,32,64,0.05,/home/ubuntu/masters-thesis/lora-fine-tuning/methods/01_sequence_classification/results/sweeps/qwen3_sequence_classification_20260606_214107/08_lora_capacity_seq512_lr1e-4_r32_a64_do0p05/trainer_output/checkpoint-2700,7.2278,completed,
01_sequence_classification,sequence_classification,fraudulent_email_corpus,8,lora_capacity_seq512_lr1e-4_r32_a64_do0p05,trainer_checkpoint,2700,1000,0,1000,0.999,1.0,0.999,0.9994997498749375,0.0,0.4995,0.0,1.0,999.0,0.0,0.0,0.001,0.999,0.0,0.0,32.0,512,0.0001,32,64,0.05,/home/ubuntu/masters-thesis/lora-fine-tuning/methods/01_sequence_classification/results/sweeps/qwen3_sequence_classification_20260606_214107/08_lora_capacity_seq512_lr1e-4_r32_a64_do0p05/trainer_output/checkpoint-2700,11.1461,completed,
01_sequence_classification,sequence_classification,spam_ham,8,lora_capacity_seq512_lr1e-4_r32_a64_do0p05,trainer_checkpoint,2700,1000,716,284,0.892,0.7256410256410256,0.9964788732394366,0.8397626112759644,0.8505586592178771,0.9235187662286568,107.0,1.0,283.0,609.0,0.1494413407821229,0.0035211267605633804,0.39,0.0,0.0,32.0,512,0.0001,32,64,0.05,/home/ubuntu/masters-thesis/lora-fine-tuning/methods/01_sequence_classification/results/sweeps/qwen3_sequence_classification_20260606_214107/08_lora_capacity_seq512_lr1e-4_r32_a64_do0p05/trainer_output/checkpoint-2700,6.7073,completed,
01_sequence_classification,sequence_classification,train_subset,8,lora_capacity_seq512_lr1e-4_r32_a64_do0p05,trainer_checkpoint,3000,1000,500,500,0.999,0.998003992015968,1.0,0.999000999000999,0.998,0.999,1.0,0.0,500.0,499.0,0.002,0.0,0.501,0.0,0.0,32.0,512,0.0001,32,64,0.05,/home/ubuntu/masters-thesis/lora-fine-tuning/methods/01_sequence_classification/results/sweeps/qwen3_sequence_classification_20260606_214107/08_lora_capacity_seq512_lr1e-4_r32_a64_do0p05/trainer_output/checkpoint-3000,7.9757,completed,
01_sequence_classification,sequence_classification,enron,8,lora_capacity_seq512_lr1e-4_r32_a64_do0p05,trainer_checkpoint,3000,1000,1000,0,0.958,0.0,0.0,0.0,0.958,0.479,42.0,0.0,0.0,958.0,0.042,0.0,0.042,0.0,0.0,32.0,512,0.0001,32,64,0.05,/home/ubuntu/masters-thesis/lora-fine-tuning/methods/01_sequence_classification/results/sweeps/qwen3_sequence_classification_20260606_214107/08_lora_capacity_seq512_lr1e-4_r32_a64_do0p05/trainer_output/checkpoint-3000,7.317,completed,
01_sequence_classification,sequence_classification,fraudulent_email_corpus,8,lora_capacity_seq512_lr1e-4_r32_a64_do0p05,trainer_checkpoint,3000,1000,0,1000,0.999,1.0,0.999,0.9994997498749375,0.0,0.4995,0.0,1.0,999.0,0.0,0.0,0.001,0.999,0.0,0.0,32.0,512,0.0001,32,64,0.05,/home/ubuntu/masters-thesis/lora-fine-tuning/methods/01_sequence_classification/results/sweeps/qwen3_sequence_classification_20260606_214107/08_lora_capacity_seq512_lr1e-4_r32_a64_do0p05/trainer_output/checkpoint-3000,11.0901,completed,
01_sequence_classification,sequence_classification,spam_ham,8,lora_capacity_seq512_lr1e-4_r32_a64_do0p05,trainer_checkpoint,3000,1000,716,284,0.939,0.8409785932721713,0.9683098591549296,0.900163666121113,0.9273743016759777,0.9478420804154537,52.0,9.0,275.0,664.0,0.07262569832402235,0.03169014084507042,0.327,0.0,0.0,32.0,512,0.0001,32,64,0.05,/home/ubuntu/masters-thesis/lora-fine-tuning/methods/01_sequence_classification/results/sweeps/qwen3_sequence_classification_20260606_214107/08_lora_capacity_seq512_lr1e-4_r32_a64_do0p05/trainer_output/checkpoint-3000,6.6217,completed,
01_sequence_classification,sequence_classification,train_subset,8,lora_capacity_seq512_lr1e-4_r32_a64_do0p05,trainer_checkpoint,3600,1000,500,500,0.999,0.998003992015968,1.0,0.999000999000999,0.998,0.999,1.0,0.0,500.0,499.0,0.002,0.0,0.501,0.0,0.0,32.0,512,0.0001,32,64,0.05,/home/ubuntu/masters-thesis/lora-fine-tuning/methods/01_sequence_classification/results/sweeps/qwen3_sequence_classification_20260606_214107/08_lora_capacity_seq512_lr1e-4_r32_a64_do0p05/trainer_output/checkpoint-3600,7.9907,completed,
01_sequence_classification,sequence_classification,enron,8,lora_capacity_seq512_lr1e-4_r32_a64_do0p05,trainer_checkpoint,3600,1000,1000,0,0.934,0.0,0.0,0.0,0.934,0.467,66.0,0.0,0.0,934.0,0.066,0.0,0.066,0.0,0.0,32.0,512,0.0001,32,64,0.05,/home/ubuntu/masters-thesis/lora-fine-tuning/methods/01_sequence_classification/results/sweeps/qwen3_sequence_classification_20260606_214107/08_lora_capacity_seq512_lr1e-4_r32_a64_do0p05/trainer_output/checkpoint-3600,7.2001,completed,
01_sequence_classification,sequence_classification,fraudulent_email_corpus,8,lora_capacity_seq512_lr1e-4_r32_a64_do0p05,trainer_checkpoint,3600,1000,0,1000,0.999,1.0,0.999,0.9994997498749375,0.0,0.4995,0.0,1.0,999.0,0.0,0.0,0.001,0.999,0.0,0.0,32.0,512,0.0001,32,64,0.05,/home/ubuntu/masters-thesis/lora-fine-tuning/methods/01_sequence_classification/results/sweeps/qwen3_sequence_classification_20260606_214107/08_lora_capacity_seq512_lr1e-4_r32_a64_do0p05/trainer_output/checkpoint-3600,11.0901,completed,
01_sequence_classification,sequence_classification,spam_ham,8,lora_capacity_seq512_lr1e-4_r32_a64_do0p05,trainer_checkpoint,3600,1000,716,284,0.893,0.7286821705426356,0.9929577464788732,0.8405365126676602,0.8533519553072626,0.9231548508930679,105.0,2.0,282.0,611.0,0.14664804469273743,0.007042253521126761,0.387,0.0,0.0,32.0,512,0.0001,32,64,0.05,/home/ubuntu/masters-thesis/lora-fine-tuning/methods/01_sequence_classification/results/sweeps/qwen3_sequence_classification_20260606_214107/08_lora_capacity_seq512_lr1e-4_r32_a64_do0p05/trainer_output/checkpoint-3600,6.6114,completed,
01_sequence_classification,sequence_classification,train_subset,8,lora_capacity_seq512_lr1e-4_r32_a64_do0p05,trainer_checkpoint,3900,1000,500,500,0.999,0.998003992015968,1.0,0.999000999000999,0.998,0.999,1.0,0.0,500.0,499.0,0.002,0.0,0.501,0.0,0.0,32.0,512,0.0001,32,64,0.05,/home/ubuntu/masters-thesis/lora-fine-tuning/methods/01_sequence_classification/results/sweeps/qwen3_sequence_classification_20260606_214107/08_lora_capacity_seq512_lr1e-4_r32_a64_do0p05/trainer_output/checkpoint-3900,7.9471,completed,
01_sequence_classification,sequence_classification,enron,8,lora_capacity_seq512_lr1e-4_r32_a64_do0p05,trainer_checkpoint,3900,1000,1000,0,0.937,0.0,0.0,0.0,0.937,0.4685,63.0,0.0,0.0,937.0,0.063,0.0,0.063,0.0,0.0,32.0,512,0.0001,32,64,0.05,/home/ubuntu/masters-thesis/lora-fine-tuning/methods/01_sequence_classification/results/sweeps/qwen3_sequence_classification_20260606_214107/08_lora_capacity_seq512_lr1e-4_r32_a64_do0p05/trainer_output/checkpoint-3900,7.3416,completed,
01_sequence_classification,sequence_classification,fraudulent_email_corpus,8,lora_capacity_seq512_lr1e-4_r32_a64_do0p05,trainer_checkpoint,3900,1000,0,1000,0.999,1.0,0.999,0.9994997498749375,0.0,0.4995,0.0,1.0,999.0,0.0,0.0,0.001,0.999,0.0,0.0,32.0,512,0.0001,32,64,0.05,/home/ubuntu/masters-thesis/lora-fine-tuning/methods/01_sequence_classification/results/sweeps/qwen3_sequence_classification_20260606_214107/08_lora_capacity_seq512_lr1e-4_r32_a64_do0p05/trainer_output/checkpoint-3900,11.1525,completed,
01_sequence_classification,sequence_classification,spam_ham,8,lora_capacity_seq512_lr1e-4_r32_a64_do0p05,trainer_checkpoint,3900,1000,716,284,0.902,0.7473404255319149,0.9894366197183099,0.8515151515151516,0.86731843575419,0.9283775277362499,95.0,3.0,281.0,621.0,0.13268156424581007,0.01056338028169014,0.376,0.0,0.0,32.0,512,0.0001,32,64,0.05,/home/ubuntu/masters-thesis/lora-fine-tuning/methods/01_sequence_classification/results/sweeps/qwen3_sequence_classification_20260606_214107/08_lora_capacity_seq512_lr1e-4_r32_a64_do0p05/trainer_output/checkpoint-3900,6.6607,completed,
01_sequence_classification,sequence_classification,train_subset,8,lora_capacity_seq512_lr1e-4_r32_a64_do0p05,final_adapter,final,1000,500,500,0.999,0.998003992015968,1.0,0.999000999000999,0.998,0.999,1.0,0.0,500.0,499.0,0.002,0.0,0.501,0.0,0.0,32.0,512,0.0001,32,64,0.05,/home/ubuntu/masters-thesis/lora-fine-tuning/methods/01_sequence_classification/results/sweeps/qwen3_sequence_classification_20260606_214107/08_lora_capacity_seq512_lr1e-4_r32_a64_do0p05/adapter,8.0762,completed,
01_sequence_classification,sequence_classification,enron,8,lora_capacity_seq512_lr1e-4_r32_a64_do0p05,final_adapter,final,1000,1000,0,0.934,0.0,0.0,0.0,0.934,0.467,66.0,0.0,0.0,934.0,0.066,0.0,0.066,0.0,0.0,32.0,512,0.0001,32,64,0.05,/home/ubuntu/masters-thesis/lora-fine-tuning/methods/01_sequence_classification/results/sweeps/qwen3_sequence_classification_20260606_214107/08_lora_capacity_seq512_lr1e-4_r32_a64_do0p05/adapter,7.2589,completed,
01_sequence_classification,sequence_classification,fraudulent_email_corpus,8,lora_capacity_seq512_lr1e-4_r32_a64_do0p05,final_adapter,final,1000,0,1000,0.999,1.0,0.999,0.9994997498749375,0.0,0.4995,0.0,1.0,999.0,0.0,0.0,0.001,0.999,0.0,0.0,32.0,512,0.0001,32,64,0.05,/home/ubuntu/masters-thesis/lora-fine-tuning/methods/01_sequence_classification/results/sweeps/qwen3_sequence_classification_20260606_214107/08_lora_capacity_seq512_lr1e-4_r32_a64_do0p05/adapter,11.118,completed,
01_sequence_classification,sequence_classification,spam_ham,8,lora_capacity_seq512_lr1e-4_r32_a64_do0p05,final_adapter,final,1000,716,284,0.893,0.7286821705426356,0.9929577464788732,0.8405365126676602,0.8533519553072626,0.9231548508930679,105.0,2.0,282.0,611.0,0.14664804469273743,0.007042253521126761,0.387,0.0,0.0,32.0,512,0.0001,32,64,0.05,/home/ubuntu/masters-thesis/lora-fine-tuning/methods/01_sequence_classification/results/sweeps/qwen3_sequence_classification_20260606_214107/08_lora_capacity_seq512_lr1e-4_r32_a64_do0p05/adapter,6.6587,completed,
01_sequence_classification,sequence_classification,train_subset,9,lora_capacity_seq512_lr1e-4_r64_a128_do0p05,trainer_checkpoint,300,1000,500,500,0.987,0.9783889980353635,0.996,0.9871159563924677,0.978,0.987,11.0,2.0,498.0,489.0,0.022,0.004,0.509,0.0,0.0,32.0,512,0.0001,64,128,0.05,/home/ubuntu/masters-thesis/lora-fine-tuning/methods/01_sequence_classification/results/sweeps/qwen3_sequence_classification_20260606_214107/09_lora_capacity_seq512_lr1e-4_r64_a128_do0p05/trainer_output/checkpoint-300,8.6447,completed,
01_sequence_classification,sequence_classification,enron,9,lora_capacity_seq512_lr1e-4_r64_a128_do0p05,trainer_checkpoint,300,1000,1000,0,0.81,0.0,0.0,0.0,0.81,0.405,190.0,0.0,0.0,810.0,0.19,0.0,0.19,0.0,0.0,32.0,512,0.0001,64,128,0.05,/home/ubuntu/masters-thesis/lora-fine-tuning/methods/01_sequence_classification/results/sweeps/qwen3_sequence_classification_20260606_214107/09_lora_capacity_seq512_lr1e-4_r64_a128_do0p05/trainer_output/checkpoint-300,7.8871,completed,
01_sequence_classification,sequence_classification,fraudulent_email_corpus,9,lora_capacity_seq512_lr1e-4_r64_a128_do0p05,trainer_checkpoint,300,1000,0,1000,0.992,1.0,0.992,0.9959839357429718,0.0,0.496,0.0,8.0,992.0,0.0,0.0,0.008,0.992,0.0,0.0,32.0,512,0.0001,64,128,0.05,/home/ubuntu/masters-thesis/lora-fine-tuning/methods/01_sequence_classification/results/sweeps/qwen3_sequence_classification_20260606_214107/09_lora_capacity_seq512_lr1e-4_r64_a128_do0p05/trainer_output/checkpoint-300,12.3171,completed,
01_sequence_classification,sequence_classification,spam_ham,9,lora_capacity_seq512_lr1e-4_r64_a128_do0p05,trainer_checkpoint,300,1000,716,284,0.758,0.5402298850574713,0.9929577464788732,0.6997518610421837,0.664804469273743,0.8288811078763081,240.0,2.0,282.0,476.0,0.33519553072625696,0.007042253521126761,0.522,0.0,0.0,32.0,512,0.0001,64,128,0.05,/home/ubuntu/masters-thesis/lora-fine-tuning/methods/01_sequence_classification/results/sweeps/qwen3_sequence_classification_20260606_214107/09_lora_capacity_seq512_lr1e-4_r64_a128_do0p05/trainer_output/checkpoint-300,7.2676,completed,
01_sequence_classification,sequence_classification,train_subset,9,lora_capacity_seq512_lr1e-4_r64_a128_do0p05,trainer_checkpoint,900,1000,500,500,0.992,0.984251968503937,1.0,0.9920634920634921,0.984,0.992,8.0,0.0,500.0,492.0,0.016,0.0,0.508,0.0,0.0,32.0,512,0.0001,64,128,0.05,/home/ubuntu/masters-thesis/lora-fine-tuning/methods/01_sequence_classification/results/sweeps/qwen3_sequence_classification_20260606_214107/09_lora_capacity_seq512_lr1e-4_r64_a128_do0p05/trainer_output/checkpoint-900,8.6343,completed,
01_sequence_classification,sequence_classification,enron,9,lora_capacity_seq512_lr1e-4_r64_a128_do0p05,trainer_checkpoint,900,1000,1000,0,0.839,0.0,0.0,0.0,0.839,0.4195,161.0,0.0,0.0,839.0,0.161,0.0,0.161,0.0,0.0,32.0,512,0.0001,64,128,0.05,/home/ubuntu/masters-thesis/lora-fine-tuning/methods/01_sequence_classification/results/sweeps/qwen3_sequence_classification_20260606_214107/09_lora_capacity_seq512_lr1e-4_r64_a128_do0p05/trainer_output/checkpoint-900,8.0448,completed,
01_sequence_classification,sequence_classification,fraudulent_email_corpus,9,lora_capacity_seq512_lr1e-4_r64_a128_do0p05,trainer_checkpoint,900,1000,0,1000,0.995,1.0,0.995,0.9974937343358395,0.0,0.4975,0.0,5.0,995.0,0.0,0.0,0.005,0.995,0.0,0.0,32.0,512,0.0001,64,128,0.05,/home/ubuntu/masters-thesis/lora-fine-tuning/methods/01_sequence_classification/results/sweeps/qwen3_sequence_classification_20260606_214107/09_lora_capacity_seq512_lr1e-4_r64_a128_do0p05/trainer_output/checkpoint-900,12.2639,completed,
01_sequence_classification,sequence_classification,spam_ham,9,lora_capacity_seq512_lr1e-4_r64_a128_do0p05,trainer_checkpoint,900,1000,716,284,0.826,0.6222222222222222,0.9859154929577465,0.7629427792915532,0.7625698324022346,0.8742426626799906,170.0,4.0,280.0,546.0,0.23743016759776536,0.014084507042253521,0.45,0.0,0.0,32.0,512,0.0001,64,128,0.05,/home/ubuntu/masters-thesis/lora-fine-tuning/methods/01_sequence_classification/results/sweeps/qwen3_sequence_classification_20260606_214107/09_lora_capacity_seq512_lr1e-4_r64_a128_do0p05/trainer_output/checkpoint-900,7.2888,completed,
01_sequence_classification,sequence_classification,train_subset,9,lora_capacity_seq512_lr1e-4_r64_a128_do0p05,trainer_checkpoint,1200,1000,500,500,0.989,0.9803536345776032,0.998,0.9890981169474727,0.98,0.989,10.0,1.0,499.0,490.0,0.02,0.002,0.509,0.0,0.0,32.0,512,0.0001,64,128,0.05,/home/ubuntu/masters-thesis/lora-fine-tuning/methods/01_sequence_classification/results/sweeps/qwen3_sequence_classification_20260606_214107/09_lora_capacity_seq512_lr1e-4_r64_a128_do0p05/trainer_output/checkpoint-1200,8.6392,completed,
01_sequence_classification,sequence_classification,enron,9,lora_capacity_seq512_lr1e-4_r64_a128_do0p05,trainer_checkpoint,1200,1000,1000,0,0.755,0.0,0.0,0.0,0.755,0.3775,245.0,0.0,0.0,755.0,0.245,0.0,0.245,0.0,0.0,32.0,512,0.0001,64,128,0.05,/home/ubuntu/masters-thesis/lora-fine-tuning/methods/01_sequence_classification/results/sweeps/qwen3_sequence_classification_20260606_214107/09_lora_capacity_seq512_lr1e-4_r64_a128_do0p05/trainer_output/checkpoint-1200,7.9081,completed,
01_sequence_classification,sequence_classification,fraudulent_email_corpus,9,lora_capacity_seq512_lr1e-4_r64_a128_do0p05,trainer_checkpoint,1200,1000,0,1000,0.998,1.0,0.998,0.998998998998999,0.0,0.499,0.0,2.0,998.0,0.0,0.0,0.002,0.998,0.0,0.0,32.0,512,0.0001,64,128,0.05,/home/ubuntu/masters-thesis/lora-fine-tuning/methods/01_sequence_classification/results/sweeps/qwen3_sequence_classification_20260606_214107/09_lora_capacity_seq512_lr1e-4_r64_a128_do0p05/trainer_output/checkpoint-1200,12.2324,completed,
01_sequence_classification,sequence_classification,spam_ham,9,lora_capacity_seq512_lr1e-4_r64_a128_do0p05,trainer_checkpoint,1200,1000,716,284,0.47,0.3488943488943489,1.0,0.517304189435337,0.25977653631284914,0.6298882681564246,530.0,0.0,284.0,186.0,0.7402234636871509,0.0,0.814,0.0,0.0,32.0,512,0.0001,64,128,0.05,/home/ubuntu/masters-thesis/lora-fine-tuning/methods/01_sequence_classification/results/sweeps/qwen3_sequence_classification_20260606_214107/09_lora_capacity_seq512_lr1e-4_r64_a128_do0p05/trainer_output/checkpoint-1200,7.1573,completed,
01_sequence_classification,sequence_classification,train_subset,9,lora_capacity_seq512_lr1e-4_r64_a128_do0p05,trainer_checkpoint,1800,1000,500,500,0.997,0.9940357852882704,1.0,0.9970089730807578,0.994,0.997,3.0,0.0,500.0,497.0,0.006,0.0,0.503,0.0,0.0,32.0,512,0.0001,64,128,0.05,/home/ubuntu/masters-thesis/lora-fine-tuning/methods/01_sequence_classification/results/sweeps/qwen3_sequence_classification_20260606_214107/09_lora_capacity_seq512_lr1e-4_r64_a128_do0p05/trainer_output/checkpoint-1800,8.6714,completed,
01_sequence_classification,sequence_classification,enron,9,lora_capacity_seq512_lr1e-4_r64_a128_do0p05,trainer_checkpoint,1800,1000,1000,0,0.782,0.0,0.0,0.0,0.782,0.391,218.0,0.0,0.0,782.0,0.218,0.0,0.218,0.0,0.0,32.0,512,0.0001,64,128,0.05,/home/ubuntu/masters-thesis/lora-fine-tuning/methods/01_sequence_classification/results/sweeps/qwen3_sequence_classification_20260606_214107/09_lora_capacity_seq512_lr1e-4_r64_a128_do0p05/trainer_output/checkpoint-1800,7.9136,completed,
01_sequence_classification,sequence_classification,fraudulent_email_corpus,9,lora_capacity_seq512_lr1e-4_r64_a128_do0p05,trainer_checkpoint,1800,1000,0,1000,0.996,1.0,0.996,0.9979959919839679,0.0,0.498,0.0,4.0,996.0,0.0,0.0,0.004,0.996,0.0,0.0,32.0,512,0.0001,64,128,0.05,/home/ubuntu/masters-thesis/lora-fine-tuning/methods/01_sequence_classification/results/sweeps/qwen3_sequence_classification_20260606_214107/09_lora_capacity_seq512_lr1e-4_r64_a128_do0p05/trainer_output/checkpoint-1800,12.2389,completed,
01_sequence_classification,sequence_classification,spam_ham,9,lora_capacity_seq512_lr1e-4_r64_a128_do0p05,trainer_checkpoint,1800,1000,716,284,0.644,0.44375,1.0,0.6147186147186147,0.5027932960893855,0.7513966480446927,356.0,0.0,284.0,360.0,0.4972067039106145,0.0,0.64,0.0,0.0,32.0,512,0.0001,64,128,0.05,/home/ubuntu/masters-thesis/lora-fine-tuning/methods/01_sequence_classification/results/sweeps/qwen3_sequence_classification_20260606_214107/09_lora_capacity_seq512_lr1e-4_r64_a128_do0p05/trainer_output/checkpoint-1800,7.1941,completed,
01_sequence_classification,sequence_classification,train_subset,9,lora_capacity_seq512_lr1e-4_r64_a128_do0p05,trainer_checkpoint,2100,1000,500,500,0.997,0.9940357852882704,1.0,0.9970089730807578,0.994,0.997,3.0,0.0,500.0,497.0,0.006,0.0,0.503,0.0,0.0,32.0,512,0.0001,64,128,0.05,/home/ubuntu/masters-thesis/lora-fine-tuning/methods/01_sequence_classification/results/sweeps/qwen3_sequence_classification_20260606_214107/09_lora_capacity_seq512_lr1e-4_r64_a128_do0p05/trainer_output/checkpoint-2100,8.715,completed,
01_sequence_classification,sequence_classification,enron,9,lora_capacity_seq512_lr1e-4_r64_a128_do0p05,trainer_checkpoint,2100,1000,1000,0,0.936,0.0,0.0,0.0,0.936,0.468,64.0,0.0,0.0,936.0,0.064,0.0,0.064,0.0,0.0,32.0,512,0.0001,64,128,0.05,/home/ubuntu/masters-thesis/lora-fine-tuning/methods/01_sequence_classification/results/sweeps/qwen3_sequence_classification_20260606_214107/09_lora_capacity_seq512_lr1e-4_r64_a128_do0p05/trainer_output/checkpoint-2100,7.9593,completed,
01_sequence_classification,sequence_classification,fraudulent_email_corpus,9,lora_capacity_seq512_lr1e-4_r64_a128_do0p05,trainer_checkpoint,2100,1000,0,1000,0.996,1.0,0.996,0.9979959919839679,0.0,0.498,0.0,4.0,996.0,0.0,0.0,0.004,0.996,0.0,0.0,32.0,512,0.0001,64,128,0.05,/home/ubuntu/masters-thesis/lora-fine-tuning/methods/01_sequence_classification/results/sweeps/qwen3_sequence_classification_20260606_214107/09_lora_capacity_seq512_lr1e-4_r64_a128_do0p05/trainer_output/checkpoint-2100,12.2471,completed,
01_sequence_classification,sequence_classification,spam_ham,9,lora_capacity_seq512_lr1e-4_r64_a128_do0p05,trainer_checkpoint,2100,1000,716,284,0.872,0.6902439024390243,0.9964788732394366,0.8155619596541787,0.8226256983240223,0.9095522857817295,127.0,1.0,283.0,589.0,0.17737430167597765,0.0035211267605633804,0.41,0.0,0.0,32.0,512,0.0001,64,128,0.05,/home/ubuntu/masters-thesis/lora-fine-tuning/methods/01_sequence_classification/results/sweeps/qwen3_sequence_classification_20260606_214107/09_lora_capacity_seq512_lr1e-4_r64_a128_do0p05/trainer_output/checkpoint-2100,7.1968,completed,
01_sequence_classification,sequence_classification,train_subset,9,lora_capacity_seq512_lr1e-4_r64_a128_do0p05,trainer_checkpoint,2700,1000,500,500,1.0,1.0,1.0,1.0,1.0,1.0,0.0,0.0,500.0,500.0,0.0,0.0,0.5,0.0,0.0,32.0,512,0.0001,64,128,0.05,/home/ubuntu/masters-thesis/lora-fine-tuning/methods/01_sequence_classification/results/sweeps/qwen3_sequence_classification_20260606_214107/09_lora_capacity_seq512_lr1e-4_r64_a128_do0p05/trainer_output/checkpoint-2700,8.6818,completed,
01_sequence_classification,sequence_classification,enron,9,lora_capacity_seq512_lr1e-4_r64_a128_do0p05,trainer_checkpoint,2700,1000,1000,0,0.909,0.0,0.0,0.0,0.909,0.4545,91.0,0.0,0.0,909.0,0.091,0.0,0.091,0.0,0.0,32.0,512,0.0001,64,128,0.05,/home/ubuntu/masters-thesis/lora-fine-tuning/methods/01_sequence_classification/results/sweeps/qwen3_sequence_classification_20260606_214107/09_lora_capacity_seq512_lr1e-4_r64_a128_do0p05/trainer_output/checkpoint-2700,8.0086,completed,
01_sequence_classification,sequence_classification,fraudulent_email_corpus,9,lora_capacity_seq512_lr1e-4_r64_a128_do0p05,trainer_checkpoint,2700,1000,0,1000,1.0,1.0,1.0,1.0,0.0,0.5,0.0,0.0,1000.0,0.0,0.0,0.0,1.0,0.0,0.0,32.0,512,0.0001,64,128,0.05,/home/ubuntu/masters-thesis/lora-fine-tuning/methods/01_sequence_classification/results/sweeps/qwen3_sequence_classification_20260606_214107/09_lora_capacity_seq512_lr1e-4_r64_a128_do0p05/trainer_output/checkpoint-2700,12.2567,completed,
01_sequence_classification,sequence_classification,spam_ham,9,lora_capacity_seq512_lr1e-4_r64_a128_do0p05,trainer_checkpoint,2700,1000,716,284,0.807,0.5957894736842105,0.9964788732394366,0.7457180500658761,0.7318435754189944,0.8641612243292155,192.0,1.0,283.0,524.0,0.2681564245810056,0.0035211267605633804,0.475,0.0,0.0,32.0,512,0.0001,64,128,0.05,/home/ubuntu/masters-thesis/lora-fine-tuning/methods/01_sequence_classification/results/sweeps/qwen3_sequence_classification_20260606_214107/09_lora_capacity_seq512_lr1e-4_r64_a128_do0p05/trainer_output/checkpoint-2700,7.248,completed,
01_sequence_classification,sequence_classification,train_subset,9,lora_capacity_seq512_lr1e-4_r64_a128_do0p05,trainer_checkpoint,3000,1000,500,500,1.0,1.0,1.0,1.0,1.0,1.0,0.0,0.0,500.0,500.0,0.0,0.0,0.5,0.0,0.0,32.0,512,0.0001,64,128,0.05,/home/ubuntu/masters-thesis/lora-fine-tuning/methods/01_sequence_classification/results/sweeps/qwen3_sequence_classification_20260606_214107/09_lora_capacity_seq512_lr1e-4_r64_a128_do0p05/trainer_output/checkpoint-3000,8.6449,completed,
01_sequence_classification,sequence_classification,enron,9,lora_capacity_seq512_lr1e-4_r64_a128_do0p05,trainer_checkpoint,3000,1000,1000,0,0.965,0.0,0.0,0.0,0.965,0.4825,35.0,0.0,0.0,965.0,0.035,0.0,0.035,0.0,0.0,32.0,512,0.0001,64,128,0.05,/home/ubuntu/masters-thesis/lora-fine-tuning/methods/01_sequence_classification/results/sweeps/qwen3_sequence_classification_20260606_214107/09_lora_capacity_seq512_lr1e-4_r64_a128_do0p05/trainer_output/checkpoint-3000,7.8851,completed,
01_sequence_classification,sequence_classification,fraudulent_email_corpus,9,lora_capacity_seq512_lr1e-4_r64_a128_do0p05,trainer_checkpoint,3000,1000,0,1000,1.0,1.0,1.0,1.0,0.0,0.5,0.0,0.0,1000.0,0.0,0.0,0.0,1.0,0.0,0.0,32.0,512,0.0001,64,128,0.05,/home/ubuntu/masters-thesis/lora-fine-tuning/methods/01_sequence_classification/results/sweeps/qwen3_sequence_classification_20260606_214107/09_lora_capacity_seq512_lr1e-4_r64_a128_do0p05/trainer_output/checkpoint-3000,12.2054,completed,
01_sequence_classification,sequence_classification,spam_ham,9,lora_capacity_seq512_lr1e-4_r64_a128_do0p05,trainer_checkpoint,3000,1000,716,284,0.949,0.8562691131498471,0.9859154929577465,0.9165302782324058,0.9343575418994413,0.9601365174285938,47.0,4.0,280.0,669.0,0.06564245810055866,0.014084507042253521,0.327,0.0,0.0,32.0,512,0.0001,64,128,0.05,/home/ubuntu/masters-thesis/lora-fine-tuning/methods/01_sequence_classification/results/sweeps/qwen3_sequence_classification_20260606_214107/09_lora_capacity_seq512_lr1e-4_r64_a128_do0p05/trainer_output/checkpoint-3000,7.1314,completed,
01_sequence_classification,sequence_classification,train_subset,9,lora_capacity_seq512_lr1e-4_r64_a128_do0p05,trainer_checkpoint,3600,1000,500,500,1.0,1.0,1.0,1.0,1.0,1.0,0.0,0.0,500.0,500.0,0.0,0.0,0.5,0.0,0.0,32.0,512,0.0001,64,128,0.05,/home/ubuntu/masters-thesis/lora-fine-tuning/methods/01_sequence_classification/results/sweeps/qwen3_sequence_classification_20260606_214107/09_lora_capacity_seq512_lr1e-4_r64_a128_do0p05/trainer_output/checkpoint-3600,8.6717,completed,
01_sequence_classification,sequence_classification,enron,9,lora_capacity_seq512_lr1e-4_r64_a128_do0p05,trainer_checkpoint,3600,1000,1000,0,0.96,0.0,0.0,0.0,0.96,0.48,40.0,0.0,0.0,960.0,0.04,0.0,0.04,0.0,0.0,32.0,512,0.0001,64,128,0.05,/home/ubuntu/masters-thesis/lora-fine-tuning/methods/01_sequence_classification/results/sweeps/qwen3_sequence_classification_20260606_214107/09_lora_capacity_seq512_lr1e-4_r64_a128_do0p05/trainer_output/checkpoint-3600,7.8465,completed,
01_sequence_classification,sequence_classification,fraudulent_email_corpus,9,lora_capacity_seq512_lr1e-4_r64_a128_do0p05,trainer_checkpoint,3600,1000,0,1000,1.0,1.0,1.0,1.0,0.0,0.5,0.0,0.0,1000.0,0.0,0.0,0.0,1.0,0.0,0.0,32.0,512,0.0001,64,128,0.05,/home/ubuntu/masters-thesis/lora-fine-tuning/methods/01_sequence_classification/results/sweeps/qwen3_sequence_classification_20260606_214107/09_lora_capacity_seq512_lr1e-4_r64_a128_do0p05/trainer_output/checkpoint-3600,12.2247,completed,
01_sequence_classification,sequence_classification,spam_ham,9,lora_capacity_seq512_lr1e-4_r64_a128_do0p05,trainer_checkpoint,3600,1000,716,284,0.955,0.8699690402476781,0.9894366197183099,0.9258649093904449,0.9413407821229051,0.9653887009206075,42.0,3.0,281.0,674.0,0.05865921787709497,0.01056338028169014,0.323,0.0,0.0,32.0,512,0.0001,64,128,0.05,/home/ubuntu/masters-thesis/lora-fine-tuning/methods/01_sequence_classification/results/sweeps/qwen3_sequence_classification_20260606_214107/09_lora_capacity_seq512_lr1e-4_r64_a128_do0p05/trainer_output/checkpoint-3600,7.1602,completed,
01_sequence_classification,sequence_classification,train_subset,9,lora_capacity_seq512_lr1e-4_r64_a128_do0p05,trainer_checkpoint,3900,1000,500,500,1.0,1.0,1.0,1.0,1.0,1.0,0.0,0.0,500.0,500.0,0.0,0.0,0.5,0.0,0.0,32.0,512,0.0001,64,128,0.05,/home/ubuntu/masters-thesis/lora-fine-tuning/methods/01_sequence_classification/results/sweeps/qwen3_sequence_classification_20260606_214107/09_lora_capacity_seq512_lr1e-4_r64_a128_do0p05/trainer_output/checkpoint-3900,8.6662,completed,
01_sequence_classification,sequence_classification,enron,9,lora_capacity_seq512_lr1e-4_r64_a128_do0p05,trainer_checkpoint,3900,1000,1000,0,0.96,0.0,0.0,0.0,0.96,0.48,40.0,0.0,0.0,960.0,0.04,0.0,0.04,0.0,0.0,32.0,512,0.0001,64,128,0.05,/home/ubuntu/masters-thesis/lora-fine-tuning/methods/01_sequence_classification/results/sweeps/qwen3_sequence_classification_20260606_214107/09_lora_capacity_seq512_lr1e-4_r64_a128_do0p05/trainer_output/checkpoint-3900,7.9538,completed,
01_sequence_classification,sequence_classification,fraudulent_email_corpus,9,lora_capacity_seq512_lr1e-4_r64_a128_do0p05,trainer_checkpoint,3900,1000,0,1000,0.999,1.0,0.999,0.9994997498749375,0.0,0.4995,0.0,1.0,999.0,0.0,0.0,0.001,0.999,0.0,0.0,32.0,512,0.0001,64,128,0.05,/home/ubuntu/masters-thesis/lora-fine-tuning/methods/01_sequence_classification/results/sweeps/qwen3_sequence_classification_20260606_214107/09_lora_capacity_seq512_lr1e-4_r64_a128_do0p05/trainer_output/checkpoint-3900,12.239,completed,
01_sequence_classification,sequence_classification,spam_ham,9,lora_capacity_seq512_lr1e-4_r64_a128_do0p05,trainer_checkpoint,3900,1000,716,284,0.956,0.8726708074534162,0.9894366197183099,0.9273927392739274,0.9427374301675978,0.9660870249429538,41.0,3.0,281.0,675.0,0.05726256983240224,0.01056338028169014,0.322,0.0,0.0,32.0,512,0.0001,64,128,0.05,/home/ubuntu/masters-thesis/lora-fine-tuning/methods/01_sequence_classification/results/sweeps/qwen3_sequence_classification_20260606_214107/09_lora_capacity_seq512_lr1e-4_r64_a128_do0p05/trainer_output/checkpoint-3900,7.1452,completed,
01_sequence_classification,sequence_classification,train_subset,9,lora_capacity_seq512_lr1e-4_r64_a128_do0p05,final_adapter,final,1000,500,500,1.0,1.0,1.0,1.0,1.0,1.0,0.0,0.0,500.0,500.0,0.0,0.0,0.5,0.0,0.0,32.0,512,0.0001,64,128,0.05,/home/ubuntu/masters-thesis/lora-fine-tuning/methods/01_sequence_classification/results/sweeps/qwen3_sequence_classification_20260606_214107/09_lora_capacity_seq512_lr1e-4_r64_a128_do0p05/adapter,8.708,completed,
01_sequence_classification,sequence_classification,enron,9,lora_capacity_seq512_lr1e-4_r64_a128_do0p05,final_adapter,final,1000,1000,0,0.96,0.0,0.0,0.0,0.96,0.48,40.0,0.0,0.0,960.0,0.04,0.0,0.04,0.0,0.0,32.0,512,0.0001,64,128,0.05,/home/ubuntu/masters-thesis/lora-fine-tuning/methods/01_sequence_classification/results/sweeps/qwen3_sequence_classification_20260606_214107/09_lora_capacity_seq512_lr1e-4_r64_a128_do0p05/adapter,7.969,completed,
01_sequence_classification,sequence_classification,fraudulent_email_corpus,9,lora_capacity_seq512_lr1e-4_r64_a128_do0p05,final_adapter,final,1000,0,1000,0.999,1.0,0.999,0.9994997498749375,0.0,0.4995,0.0,1.0,999.0,0.0,0.0,0.001,0.999,0.0,0.0,32.0,512,0.0001,64,128,0.05,/home/ubuntu/masters-thesis/lora-fine-tuning/methods/01_sequence_classification/results/sweeps/qwen3_sequence_classification_20260606_214107/09_lora_capacity_seq512_lr1e-4_r64_a128_do0p05/adapter,12.2388,completed,
01_sequence_classification,sequence_classification,spam_ham,9,lora_capacity_seq512_lr1e-4_r64_a128_do0p05,final_adapter,final,1000,716,284,0.956,0.8726708074534162,0.9894366197183099,0.9273927392739274,0.9427374301675978,0.9660870249429538,41.0,3.0,281.0,675.0,0.05726256983240224,0.01056338028169014,0.322,0.0,0.0,32.0,512,0.0001,64,128,0.05,/home/ubuntu/masters-thesis/lora-fine-tuning/methods/01_sequence_classification/results/sweeps/qwen3_sequence_classification_20260606_214107/09_lora_capacity_seq512_lr1e-4_r64_a128_do0p05/adapter,7.3018,completed,
01_sequence_classification,sequence_classification,train_subset,11,lora_capacity_seq1024_lr1e-4_r32_a64_do0p05,trainer_checkpoint,600,1000,500,500,0.983,0.9689320388349515,0.998,0.9832512315270936,0.968,0.983,16.0,1.0,499.0,484.0,0.032,0.002,0.515,0.0,0.0,32.0,1024,0.0001,32,64,0.05,/home/ubuntu/masters-thesis/lora-fine-tuning/methods/01_sequence_classification/results/sweeps/qwen3_sequence_classification_20260606_214107/11_lora_capacity_seq1024_lr1e-4_r32_a64_do0p05/trainer_output/checkpoint-600,10.6348,completed,
01_sequence_classification,sequence_classification,enron,11,lora_capacity_seq1024_lr1e-4_r32_a64_do0p05,trainer_checkpoint,600,1000,1000,0,0.718,0.0,0.0,0.0,0.718,0.359,282.0,0.0,0.0,718.0,0.282,0.0,0.282,0.0,0.0,32.0,1024,0.0001,32,64,0.05,/home/ubuntu/masters-thesis/lora-fine-tuning/methods/01_sequence_classification/results/sweeps/qwen3_sequence_classification_20260606_214107/11_lora_capacity_seq1024_lr1e-4_r32_a64_do0p05/trainer_output/checkpoint-600,9.5045,completed,
01_sequence_classification,sequence_classification,fraudulent_email_corpus,11,lora_capacity_seq1024_lr1e-4_r32_a64_do0p05,trainer_checkpoint,600,1000,0,1000,0.997,1.0,0.997,0.9984977466199298,0.0,0.4985,0.0,3.0,997.0,0.0,0.0,0.003,0.997,0.0,0.0,32.0,1024,0.0001,32,64,0.05,/home/ubuntu/masters-thesis/lora-fine-tuning/methods/01_sequence_classification/results/sweeps/qwen3_sequence_classification_20260606_214107/11_lora_capacity_seq1024_lr1e-4_r32_a64_do0p05/trainer_output/checkpoint-600,15.7101,completed,
01_sequence_classification,sequence_classification,spam_ham,11,lora_capacity_seq1024_lr1e-4_r32_a64_do0p05,trainer_checkpoint,600,1000,716,284,0.589,0.4083694083694084,0.9964788732394366,0.579324462640737,0.4273743016759777,0.7119265874577072,410.0,1.0,283.0,306.0,0.5726256983240223,0.0035211267605633804,0.693,0.0,0.0,32.0,1024,0.0001,32,64,0.05,/home/ubuntu/masters-thesis/lora-fine-tuning/methods/01_sequence_classification/results/sweeps/qwen3_sequence_classification_20260606_214107/11_lora_capacity_seq1024_lr1e-4_r32_a64_do0p05/trainer_output/checkpoint-600,8.3259,completed,
01_sequence_classification,sequence_classification,train_subset,11,lora_capacity_seq1024_lr1e-4_r32_a64_do0p05,trainer_checkpoint,1800,1000,500,500,0.996,1.0,0.992,0.9959839357429718,1.0,0.996,0.0,4.0,496.0,500.0,0.0,0.008,0.496,0.0,0.0,32.0,1024,0.0001,32,64,0.05,/home/ubuntu/masters-thesis/lora-fine-tuning/methods/01_sequence_classification/results/sweeps/qwen3_sequence_classification_20260606_214107/11_lora_capacity_seq1024_lr1e-4_r32_a64_do0p05/trainer_output/checkpoint-1800,10.673,completed,
01_sequence_classification,sequence_classification,enron,11,lora_capacity_seq1024_lr1e-4_r32_a64_do0p05,trainer_checkpoint,1800,1000,1000,0,0.919,0.0,0.0,0.0,0.919,0.4595,81.0,0.0,0.0,919.0,0.081,0.0,0.081,0.0,0.0,32.0,1024,0.0001,32,64,0.05,/home/ubuntu/masters-thesis/lora-fine-tuning/methods/01_sequence_classification/results/sweeps/qwen3_sequence_classification_20260606_214107/11_lora_capacity_seq1024_lr1e-4_r32_a64_do0p05/trainer_output/checkpoint-1800,9.43,completed,
01_sequence_classification,sequence_classification,fraudulent_email_corpus,11,lora_capacity_seq1024_lr1e-4_r32_a64_do0p05,trainer_checkpoint,1800,1000,0,1000,0.875,1.0,0.875,0.9333333333333333,0.0,0.4375,0.0,125.0,875.0,0.0,0.0,0.125,0.875,0.0,0.0,32.0,1024,0.0001,32,64,0.05,/home/ubuntu/masters-thesis/lora-fine-tuning/methods/01_sequence_classification/results/sweeps/qwen3_sequence_classification_20260606_214107/11_lora_capacity_seq1024_lr1e-4_r32_a64_do0p05/trainer_output/checkpoint-1800,15.7364,completed,
01_sequence_classification,sequence_classification,spam_ham,11,lora_capacity_seq1024_lr1e-4_r32_a64_do0p05,trainer_checkpoint,1800,1000,716,284,0.873,0.7060367454068242,0.9471830985915493,0.8090225563909774,0.8435754189944135,0.8953792587929814,112.0,15.0,269.0,604.0,0.1564245810055866,0.0528169014084507,0.381,0.0,0.0,32.0,1024,0.0001,32,64,0.05,/home/ubuntu/masters-thesis/lora-fine-tuning/methods/01_sequence_classification/results/sweeps/qwen3_sequence_classification_20260606_214107/11_lora_capacity_seq1024_lr1e-4_r32_a64_do0p05/trainer_output/checkpoint-1800,8.4138,completed,
01_sequence_classification,sequence_classification,train_subset,11,lora_capacity_seq1024_lr1e-4_r32_a64_do0p05,trainer_checkpoint,2400,1000,500,500,0.995,0.9900990099009901,1.0,0.9950248756218906,0.99,0.995,5.0,0.0,500.0,495.0,0.01,0.0,0.505,0.0,0.0,32.0,1024,0.0001,32,64,0.05,/home/ubuntu/masters-thesis/lora-fine-tuning/methods/01_sequence_classification/results/sweeps/qwen3_sequence_classification_20260606_214107/11_lora_capacity_seq1024_lr1e-4_r32_a64_do0p05/trainer_output/checkpoint-2400,10.6788,completed,
01_sequence_classification,sequence_classification,enron,11,lora_capacity_seq1024_lr1e-4_r32_a64_do0p05,trainer_checkpoint,2400,1000,1000,0,0.824,0.0,0.0,0.0,0.824,0.412,176.0,0.0,0.0,824.0,0.176,0.0,0.176,0.0,0.0,32.0,1024,0.0001,32,64,0.05,/home/ubuntu/masters-thesis/lora-fine-tuning/methods/01_sequence_classification/results/sweeps/qwen3_sequence_classification_20260606_214107/11_lora_capacity_seq1024_lr1e-4_r32_a64_do0p05/trainer_output/checkpoint-2400,9.7452,completed,
01_sequence_classification,sequence_classification,fraudulent_email_corpus,11,lora_capacity_seq1024_lr1e-4_r32_a64_do0p05,trainer_checkpoint,2400,1000,0,1000,0.987,1.0,0.987,0.9934574735782586,0.0,0.4935,0.0,13.0,987.0,0.0,0.0,0.013,0.987,0.0,0.0,32.0,1024,0.0001,32,64,0.05,/home/ubuntu/masters-thesis/lora-fine-tuning/methods/01_sequence_classification/results/sweeps/qwen3_sequence_classification_20260606_214107/11_lora_capacity_seq1024_lr1e-4_r32_a64_do0p05/trainer_output/checkpoint-2400,15.6711,completed,
01_sequence_classification,sequence_classification,spam_ham,11,lora_capacity_seq1024_lr1e-4_r32_a64_do0p05,trainer_checkpoint,2400,1000,716,284,0.767,0.5493230174081238,1.0,0.7091136079900124,0.6745810055865922,0.8372905027932961,233.0,0.0,284.0,483.0,0.3254189944134078,0.0,0.517,0.0,0.0,32.0,1024,0.0001,32,64,0.05,/home/ubuntu/masters-thesis/lora-fine-tuning/methods/01_sequence_classification/results/sweeps/qwen3_sequence_classification_20260606_214107/11_lora_capacity_seq1024_lr1e-4_r32_a64_do0p05/trainer_output/checkpoint-2400,8.4322,completed,
01_sequence_classification,sequence_classification,train_subset,11,lora_capacity_seq1024_lr1e-4_r32_a64_do0p05,trainer_checkpoint,3600,1000,500,500,0.993,0.9861932938856016,1.0,0.9930486593843099,0.986,0.993,7.0,0.0,500.0,493.0,0.014,0.0,0.507,0.0,0.0,32.0,1024,0.0001,32,64,0.05,/home/ubuntu/masters-thesis/lora-fine-tuning/methods/01_sequence_classification/results/sweeps/qwen3_sequence_classification_20260606_214107/11_lora_capacity_seq1024_lr1e-4_r32_a64_do0p05/trainer_output/checkpoint-3600,10.6822,completed,
01_sequence_classification,sequence_classification,enron,11,lora_capacity_seq1024_lr1e-4_r32_a64_do0p05,trainer_checkpoint,3600,1000,1000,0,0.699,0.0,0.0,0.0,0.699,0.3495,301.0,0.0,0.0,699.0,0.301,0.0,0.301,0.0,0.0,32.0,1024,0.0001,32,64,0.05,/home/ubuntu/masters-thesis/lora-fine-tuning/methods/01_sequence_classification/results/sweeps/qwen3_sequence_classification_20260606_214107/11_lora_capacity_seq1024_lr1e-4_r32_a64_do0p05/trainer_output/checkpoint-3600,9.5528,completed,
01_sequence_classification,sequence_classification,fraudulent_email_corpus,11,lora_capacity_seq1024_lr1e-4_r32_a64_do0p05,trainer_checkpoint,3600,1000,0,1000,1.0,1.0,1.0,1.0,0.0,0.5,0.0,0.0,1000.0,0.0,0.0,0.0,1.0,0.0,0.0,32.0,1024,0.0001,32,64,0.05,/home/ubuntu/masters-thesis/lora-fine-tuning/methods/01_sequence_classification/results/sweeps/qwen3_sequence_classification_20260606_214107/11_lora_capacity_seq1024_lr1e-4_r32_a64_do0p05/trainer_output/checkpoint-3600,15.6731,completed,
01_sequence_classification,sequence_classification,spam_ham,11,lora_capacity_seq1024_lr1e-4_r32_a64_do0p05,trainer_checkpoint,3600,1000,716,284,0.629,0.433587786259542,1.0,0.6048988285410011,0.4818435754189944,0.7409217877094972,371.0,0.0,284.0,345.0,0.5181564245810056,0.0,0.655,0.0,0.0,32.0,1024,0.0001,32,64,0.05,/home/ubuntu/masters-thesis/lora-fine-tuning/methods/01_sequence_classification/results/sweeps/qwen3_sequence_classification_20260606_214107/11_lora_capacity_seq1024_lr1e-4_r32_a64_do0p05/trainer_output/checkpoint-3600,8.306,completed,
01_sequence_classification,sequence_classification,train_subset,11,lora_capacity_seq1024_lr1e-4_r32_a64_do0p05,trainer_checkpoint,4200,1000,500,500,0.998,0.9960159362549801,1.0,0.998003992015968,0.996,0.998,2.0,0.0,500.0,498.0,0.004,0.0,0.502,0.0,0.0,32.0,1024,0.0001,32,64,0.05,/home/ubuntu/masters-thesis/lora-fine-tuning/methods/01_sequence_classification/results/sweeps/qwen3_sequence_classification_20260606_214107/11_lora_capacity_seq1024_lr1e-4_r32_a64_do0p05/trainer_output/checkpoint-4200,10.7002,completed,
01_sequence_classification,sequence_classification,enron,11,lora_capacity_seq1024_lr1e-4_r32_a64_do0p05,trainer_checkpoint,4200,1000,1000,0,0.907,0.0,0.0,0.0,0.907,0.4535,93.0,0.0,0.0,907.0,0.093,0.0,0.093,0.0,0.0,32.0,1024,0.0001,32,64,0.05,/home/ubuntu/masters-thesis/lora-fine-tuning/methods/01_sequence_classification/results/sweeps/qwen3_sequence_classification_20260606_214107/11_lora_capacity_seq1024_lr1e-4_r32_a64_do0p05/trainer_output/checkpoint-4200,9.4601,completed,
01_sequence_classification,sequence_classification,fraudulent_email_corpus,11,lora_capacity_seq1024_lr1e-4_r32_a64_do0p05,trainer_checkpoint,4200,1000,0,1000,1.0,1.0,1.0,1.0,0.0,0.5,0.0,0.0,1000.0,0.0,0.0,0.0,1.0,0.0,0.0,32.0,1024,0.0001,32,64,0.05,/home/ubuntu/masters-thesis/lora-fine-tuning/methods/01_sequence_classification/results/sweeps/qwen3_sequence_classification_20260606_214107/11_lora_capacity_seq1024_lr1e-4_r32_a64_do0p05/trainer_output/checkpoint-4200,15.7012,completed,
01_sequence_classification,sequence_classification,spam_ham,11,lora_capacity_seq1024_lr1e-4_r32_a64_do0p05,trainer_checkpoint,4200,1000,716,284,0.861,0.6713947990543735,1.0,0.8033946251768034,0.8058659217877095,0.9029329608938548,139.0,0.0,284.0,577.0,0.1941340782122905,0.0,0.423,0.0,0.0,32.0,1024,0.0001,32,64,0.05,/home/ubuntu/masters-thesis/lora-fine-tuning/methods/01_sequence_classification/results/sweeps/qwen3_sequence_classification_20260606_214107/11_lora_capacity_seq1024_lr1e-4_r32_a64_do0p05/trainer_output/checkpoint-4200,8.4427,completed,
01_sequence_classification,sequence_classification,train_subset,11,lora_capacity_seq1024_lr1e-4_r32_a64_do0p05,trainer_checkpoint,5400,1000,500,500,0.998,0.9960159362549801,1.0,0.998003992015968,0.996,0.998,2.0,0.0,500.0,498.0,0.004,0.0,0.502,0.0,0.0,32.0,1024,0.0001,32,64,0.05,/home/ubuntu/masters-thesis/lora-fine-tuning/methods/01_sequence_classification/results/sweeps/qwen3_sequence_classification_20260606_214107/11_lora_capacity_seq1024_lr1e-4_r32_a64_do0p05/trainer_output/checkpoint-5400,10.709,completed,
01_sequence_classification,sequence_classification,enron,11,lora_capacity_seq1024_lr1e-4_r32_a64_do0p05,trainer_checkpoint,5400,1000,1000,0,0.867,0.0,0.0,0.0,0.867,0.4335,133.0,0.0,0.0,867.0,0.133,0.0,0.133,0.0,0.0,32.0,1024,0.0001,32,64,0.05,/home/ubuntu/masters-thesis/lora-fine-tuning/methods/01_sequence_classification/results/sweeps/qwen3_sequence_classification_20260606_214107/11_lora_capacity_seq1024_lr1e-4_r32_a64_do0p05/trainer_output/checkpoint-5400,9.4385,completed,
01_sequence_classification,sequence_classification,fraudulent_email_corpus,11,lora_capacity_seq1024_lr1e-4_r32_a64_do0p05,trainer_checkpoint,5400,1000,0,1000,1.0,1.0,1.0,1.0,0.0,0.5,0.0,0.0,1000.0,0.0,0.0,0.0,1.0,0.0,0.0,32.0,1024,0.0001,32,64,0.05,/home/ubuntu/masters-thesis/lora-fine-tuning/methods/01_sequence_classification/results/sweeps/qwen3_sequence_classification_20260606_214107/11_lora_capacity_seq1024_lr1e-4_r32_a64_do0p05/trainer_output/checkpoint-5400,15.6328,completed,
01_sequence_classification,sequence_classification,spam_ham,11,lora_capacity_seq1024_lr1e-4_r32_a64_do0p05,trainer_checkpoint,5400,1000,716,284,0.887,0.7153652392947103,1.0,0.8340675477239354,0.8421787709497207,0.9210893854748603,113.0,0.0,284.0,603.0,0.15782122905027932,0.0,0.397,0.0,0.0,32.0,1024,0.0001,32,64,0.05,/home/ubuntu/masters-thesis/lora-fine-tuning/methods/01_sequence_classification/results/sweeps/qwen3_sequence_classification_20260606_214107/11_lora_capacity_seq1024_lr1e-4_r32_a64_do0p05/trainer_output/checkpoint-5400,8.2782,completed,
01_sequence_classification,sequence_classification,train_subset,11,lora_capacity_seq1024_lr1e-4_r32_a64_do0p05,trainer_checkpoint,6000,1000,500,500,0.998,0.9960159362549801,1.0,0.998003992015968,0.996,0.998,2.0,0.0,500.0,498.0,0.004,0.0,0.502,0.0,0.0,32.0,1024,0.0001,32,64,0.05,/home/ubuntu/masters-thesis/lora-fine-tuning/methods/01_sequence_classification/results/sweeps/qwen3_sequence_classification_20260606_214107/11_lora_capacity_seq1024_lr1e-4_r32_a64_do0p05/trainer_output/checkpoint-6000,10.6723,completed,
01_sequence_classification,sequence_classification,enron,11,lora_capacity_seq1024_lr1e-4_r32_a64_do0p05,trainer_checkpoint,6000,1000,1000,0,0.949,0.0,0.0,0.0,0.949,0.4745,51.0,0.0,0.0,949.0,0.051,0.0,0.051,0.0,0.0,32.0,1024,0.0001,32,64,0.05,/home/ubuntu/masters-thesis/lora-fine-tuning/methods/01_sequence_classification/results/sweeps/qwen3_sequence_classification_20260606_214107/11_lora_capacity_seq1024_lr1e-4_r32_a64_do0p05/trainer_output/checkpoint-6000,9.4759,completed,
01_sequence_classification,sequence_classification,fraudulent_email_corpus,11,lora_capacity_seq1024_lr1e-4_r32_a64_do0p05,trainer_checkpoint,6000,1000,0,1000,1.0,1.0,1.0,1.0,0.0,0.5,0.0,0.0,1000.0,0.0,0.0,0.0,1.0,0.0,0.0,32.0,1024,0.0001,32,64,0.05,/home/ubuntu/masters-thesis/lora-fine-tuning/methods/01_sequence_classification/results/sweeps/qwen3_sequence_classification_20260606_214107/11_lora_capacity_seq1024_lr1e-4_r32_a64_do0p05/trainer_output/checkpoint-6000,15.7325,completed,
01_sequence_classification,sequence_classification,spam_ham,11,lora_capacity_seq1024_lr1e-4_r32_a64_do0p05,trainer_checkpoint,6000,1000,716,284,0.957,0.877742946708464,0.9859154929577465,0.9286898839137645,0.9455307262569832,0.9657231096073648,39.0,4.0,280.0,677.0,0.05446927374301676,0.014084507042253521,0.319,0.0,0.0,32.0,1024,0.0001,32,64,0.05,/home/ubuntu/masters-thesis/lora-fine-tuning/methods/01_sequence_classification/results/sweeps/qwen3_sequence_classification_20260606_214107/11_lora_capacity_seq1024_lr1e-4_r32_a64_do0p05/trainer_output/checkpoint-6000,8.3024,completed,
01_sequence_classification,sequence_classification,train_subset,11,lora_capacity_seq1024_lr1e-4_r32_a64_do0p05,trainer_checkpoint,7200,1000,500,500,0.999,0.998003992015968,1.0,0.999000999000999,0.998,0.999,1.0,0.0,500.0,499.0,0.002,0.0,0.501,0.0,0.0,32.0,1024,0.0001,32,64,0.05,/home/ubuntu/masters-thesis/lora-fine-tuning/methods/01_sequence_classification/results/sweeps/qwen3_sequence_classification_20260606_214107/11_lora_capacity_seq1024_lr1e-4_r32_a64_do0p05/trainer_output/checkpoint-7200,10.6451,completed,
01_sequence_classification,sequence_classification,enron,11,lora_capacity_seq1024_lr1e-4_r32_a64_do0p05,trainer_checkpoint,7200,1000,1000,0,0.945,0.0,0.0,0.0,0.945,0.4725,55.0,0.0,0.0,945.0,0.055,0.0,0.055,0.0,0.0,32.0,1024,0.0001,32,64,0.05,/home/ubuntu/masters-thesis/lora-fine-tuning/methods/01_sequence_classification/results/sweeps/qwen3_sequence_classification_20260606_214107/11_lora_capacity_seq1024_lr1e-4_r32_a64_do0p05/trainer_output/checkpoint-7200,9.5556,completed,
01_sequence_classification,sequence_classification,fraudulent_email_corpus,11,lora_capacity_seq1024_lr1e-4_r32_a64_do0p05,trainer_checkpoint,7200,1000,0,1000,0.999,1.0,0.999,0.9994997498749375,0.0,0.4995,0.0,1.0,999.0,0.0,0.0,0.001,0.999,0.0,0.0,32.0,1024,0.0001,32,64,0.05,/home/ubuntu/masters-thesis/lora-fine-tuning/methods/01_sequence_classification/results/sweeps/qwen3_sequence_classification_20260606_214107/11_lora_capacity_seq1024_lr1e-4_r32_a64_do0p05/trainer_output/checkpoint-7200,15.6869,completed,
01_sequence_classification,sequence_classification,spam_ham,11,lora_capacity_seq1024_lr1e-4_r32_a64_do0p05,trainer_checkpoint,7200,1000,716,284,0.956,0.8726708074534162,0.9894366197183099,0.9273927392739274,0.9427374301675978,0.9660870249429538,41.0,3.0,281.0,675.0,0.05726256983240224,0.01056338028169014,0.322,0.0,0.0,32.0,1024,0.0001,32,64,0.05,/home/ubuntu/masters-thesis/lora-fine-tuning/methods/01_sequence_classification/results/sweeps/qwen3_sequence_classification_20260606_214107/11_lora_capacity_seq1024_lr1e-4_r32_a64_do0p05/trainer_output/checkpoint-7200,8.361,completed,
01_sequence_classification,sequence_classification,train_subset,11,lora_capacity_seq1024_lr1e-4_r32_a64_do0p05,trainer_checkpoint,7800,1000,500,500,0.999,0.998003992015968,1.0,0.999000999000999,0.998,0.999,1.0,0.0,500.0,499.0,0.002,0.0,0.501,0.0,0.0,32.0,1024,0.0001,32,64,0.05,/home/ubuntu/masters-thesis/lora-fine-tuning/methods/01_sequence_classification/results/sweeps/qwen3_sequence_classification_20260606_214107/11_lora_capacity_seq1024_lr1e-4_r32_a64_do0p05/trainer_output/checkpoint-7800,10.6201,completed,
01_sequence_classification,sequence_classification,enron,11,lora_capacity_seq1024_lr1e-4_r32_a64_do0p05,trainer_checkpoint,7800,1000,1000,0,0.943,0.0,0.0,0.0,0.943,0.4715,57.0,0.0,0.0,943.0,0.057,0.0,0.057,0.0,0.0,32.0,1024,0.0001,32,64,0.05,/home/ubuntu/masters-thesis/lora-fine-tuning/methods/01_sequence_classification/results/sweeps/qwen3_sequence_classification_20260606_214107/11_lora_capacity_seq1024_lr1e-4_r32_a64_do0p05/trainer_output/checkpoint-7800,9.479,completed,
01_sequence_classification,sequence_classification,fraudulent_email_corpus,11,lora_capacity_seq1024_lr1e-4_r32_a64_do0p05,trainer_checkpoint,7800,1000,0,1000,0.999,1.0,0.999,0.9994997498749375,0.0,0.4995,0.0,1.0,999.0,0.0,0.0,0.001,0.999,0.0,0.0,32.0,1024,0.0001,32,64,0.05,/home/ubuntu/masters-thesis/lora-fine-tuning/methods/01_sequence_classification/results/sweeps/qwen3_sequence_classification_20260606_214107/11_lora_capacity_seq1024_lr1e-4_r32_a64_do0p05/trainer_output/checkpoint-7800,15.6866,completed,
01_sequence_classification,sequence_classification,spam_ham,11,lora_capacity_seq1024_lr1e-4_r32_a64_do0p05,trainer_checkpoint,7800,1000,716,284,0.956,0.8703703703703703,0.9929577464788732,0.9276315789473685,0.9413407821229051,0.9671492643008892,42.0,2.0,282.0,674.0,0.05865921787709497,0.007042253521126761,0.324,0.0,0.0,32.0,1024,0.0001,32,64,0.05,/home/ubuntu/masters-thesis/lora-fine-tuning/methods/01_sequence_classification/results/sweeps/qwen3_sequence_classification_20260606_214107/11_lora_capacity_seq1024_lr1e-4_r32_a64_do0p05/trainer_output/checkpoint-7800,8.2503,completed,
01_sequence_classification,sequence_classification,train_subset,11,lora_capacity_seq1024_lr1e-4_r32_a64_do0p05,final_adapter,final,1000,500,500,0.998,0.9960159362549801,1.0,0.998003992015968,0.996,0.998,2.0,0.0,500.0,498.0,0.004,0.0,0.502,0.0,0.0,32.0,1024,0.0001,32,64,0.05,/home/ubuntu/masters-thesis/lora-fine-tuning/methods/01_sequence_classification/results/sweeps/qwen3_sequence_classification_20260606_214107/11_lora_capacity_seq1024_lr1e-4_r32_a64_do0p05/adapter,10.6328,completed,
01_sequence_classification,sequence_classification,enron,11,lora_capacity_seq1024_lr1e-4_r32_a64_do0p05,final_adapter,final,1000,1000,0,0.949,0.0,0.0,0.0,0.949,0.4745,51.0,0.0,0.0,949.0,0.051,0.0,0.051,0.0,0.0,32.0,1024,0.0001,32,64,0.05,/home/ubuntu/masters-thesis/lora-fine-tuning/methods/01_sequence_classification/results/sweeps/qwen3_sequence_classification_20260606_214107/11_lora_capacity_seq1024_lr1e-4_r32_a64_do0p05/adapter,9.4664,completed,
01_sequence_classification,sequence_classification,fraudulent_email_corpus,11,lora_capacity_seq1024_lr1e-4_r32_a64_do0p05,final_adapter,final,1000,0,1000,1.0,1.0,1.0,1.0,0.0,0.5,0.0,0.0,1000.0,0.0,0.0,0.0,1.0,0.0,0.0,32.0,1024,0.0001,32,64,0.05,/home/ubuntu/masters-thesis/lora-fine-tuning/methods/01_sequence_classification/results/sweeps/qwen3_sequence_classification_20260606_214107/11_lora_capacity_seq1024_lr1e-4_r32_a64_do0p05/adapter,15.6689,completed,
01_sequence_classification,sequence_classification,spam_ham,11,lora_capacity_seq1024_lr1e-4_r32_a64_do0p05,final_adapter,final,1000,716,284,0.957,0.877742946708464,0.9859154929577465,0.9286898839137645,0.9455307262569832,0.9657231096073648,39.0,4.0,280.0,677.0,0.05446927374301676,0.014084507042253521,0.319,0.0,0.0,32.0,1024,0.0001,32,64,0.05,/home/ubuntu/masters-thesis/lora-fine-tuning/methods/01_sequence_classification/results/sweeps/qwen3_sequence_classification_20260606_214107/11_lora_capacity_seq1024_lr1e-4_r32_a64_do0p05/adapter,8.2892,completed,
